1,0.037715,2.606483
2,0.232275,0.423222
3,0.035898,2.738456
4,0.033549,2.930179
5,0.032736,3.002933
6,0.032749,3.001759
7,0.034842,2.821455
8,0.034694,2.833426
9,0.033632,2.922931
10,0.034394,2.858206
11,0.035104,2.800365
12,0.037082,2.651018
13,0.035405,2.776572
14,0.035962,2.733582
15,0.034240,2.871028
16,0.035418,2.775569
17,0.035949,2.734556
18,0.036154,2.719065
19,0.035040,2.805479
20,0.036326,2.706131
21,0.036326,2.706131
22,0.036435,2.698050
23,0.038938,2.524655
24,0.036512,2.692375
25,0.037594,2.614913
26,0.038989,2.521339
27,0.037862,2.596349
28,0.039578,2.483829
29,0.038650,2.543468
30,0.038714,2.539263
31,0.038848,2.530478
32,0.039962,2.459962
33,0.039930,2.461933
34,0.038880,2.528395
35,0.040550,2.424242
36,0.040032,2.455635
37,0.040173,2.447029
38,0.041434,2.372567
39,0.041114,2.391034
40,0.042925,2.290145
41,0.040416,2.432304
42,0.041862,2.348265
43,0.042298,2.324103
44,0.045184,2.175637
45,0.041664,2.359447
46,0.041574,2.364532
47,0.042490,2.313601
48,0.047661,2.062576
49,0.051853,1.895828
50,0.043661,2.251539
51,0.045216,2.174098
52,0.045632,2.154278
53,0.047456,2.071477
54,0.048403,2.030940
55,0.046285,2.123894
56,0.045536,2.158819
57,0.050874,1.932319
58,0.045715,2.150357
59,0.049722,1.977088
60,0.044992,2.184922
61,0.049030,2.004960
62,0.048723,2.017601
63,0.047174,2.083842
64,0.046598,2.109601
65,0.045709,2.150658
66,0.046067,2.133926
67,0.046067,2.133926
68,0.052013,1.889996
69,0.046765,2.102094
70,0.047590,2.065627
71,0.063885,1.538770
72,0.082560,1.190698
73,0.064326,1.528206
74,0.075942,1.294455
75,0.061274,1.604345
76,0.053306,1.844159
77,0.050451,1.948497
78,0.052806,1.861593
79,0.055981,1.756031
80,0.066957,1.468170
81,0.052013,1.889996
82,0.051104,1.923607
83,0.052870,1.859339
84,0.057702,1.703638
85,0.058035,1.693869
86,0.056109,1.752025
87,0.051930,1.893024
88,0.052102,1.886746
89,0.052128,1.885820
90,0.053549,1.835783
91,0.052410,1.875687
92,0.053171,1.848820
93,0.053325,1.843495
94,0.056640,1.735593
95,0.053920,1.823145
96,0.053984,1.820984
97,0.054707,1.796912
98,0.054099,1.817106
99,0.054918,1.790001
100,0.057421,1.711993
101,0.056371,1.743869
102,0.055987,1.755830
103,0.060288,1.630573
104,0.057376,1.713330
105,0.059334,1.656779
106,0.057082,1.722166
107,0.057542,1.708375
108,0.064288,1.529119
109,0.058976,1.666847
110,0.056998,1.724680
111,0.058605,1.677405
112,0.059021,1.665582
113,0.063078,1.558442
114,0.059027,1.665402
115,0.060416,1.627119
116,0.064211,1.530948
117,0.077382,1.270366
118,0.065907,1.491552
119,0.061350,1.602337
120,0.061677,1.593857
121,0.062848,1.564155
122,0.064640,1.520792
123,0.063354,1.551672
124,0.062208,1.580247
125,0.061690,1.593526
126,0.061875,1.588746
127,0.061926,1.587433
128,0.062099,1.583016
129,0.063661,1.544184
130,0.082886,1.186009
131,0.085632,1.147982
132,0.096896,1.014531
133,0.072307,1.359533
134,0.064691,1.519588
135,0.065120,1.509582
136,0.064883,1.515092
137,0.064941,1.513748
138,0.066272,1.483341
139,0.066278,1.483198
140,0.065421,1.502641
141,0.068070,1.444152
142,0.065510,1.500586
143,0.068192,1.441577
144,0.066438,1.479626
145,0.066106,1.487075
146,0.071315,1.378444
147,0.073440,1.338562
148,0.071456,1.375728
149,0.070784,1.388789
150,0.072717,1.351875
151,0.067994,1.445783
152,0.067866,1.448510
153,0.068403,1.437126
154,0.069082,1.423013
155,0.069568,1.413064
156,0.069242,1.419725
157,0.072954,1.347487
158,0.070022,1.403893
159,0.073274,1.341602
160,0.070944,1.385656
161,0.071686,1.371306
162,0.071699,1.371061
163,0.071008,1.384407
164,0.074554,1.318568
165,0.077926,1.261498
166,0.075014,1.310468
167,0.072570,1.354617
168,0.073043,1.345834
169,0.073344,1.340314
170,0.075290,1.305678
171,0.082419,1.192732
172,0.107002,0.918715
173,0.098957,0.993403
174,0.097453,1.008734
175,0.076064,1.292385
176,0.078554,1.251426
177,0.077914,1.261705
178,0.077971,1.260773
179,0.078758,1.248172
180,0.077741,1.264510
181,0.077114,1.274795
182,0.077293,1.271839
183,0.077965,1.260877
184,0.077453,1.269212
185,0.079750,1.232646
186,0.081222,1.210307
187,0.078080,1.259016
188,0.078592,1.250814
189,0.079315,1.239409
190,0.078387,1.254082
191,0.079949,1.229587
192,0.082323,1.194123
193,0.079776,1.232250
194,0.080282,1.224490
195,0.080173,1.226151
196,0.084269,1.166553
197,0.084115,1.168683
198,0.082189,1.196075
199,0.081114,1.211930
200,0.081536,1.205652
201,0.081318,1.208878
202,0.081843,1.201126
203,0.082118,1.197101
204,0.082291,1.194587
205,0.088128,1.115469
206,0.083283,1.180358
207,0.083437,1.178185
208,0.083418,1.178456
209,0.083738,1.173953
210,0.083891,1.171803
211,0.083443,1.178095
212,0.086304,1.139043
213,0.084787,1.159420
214,0.084550,1.162667
215,0.086771,1.132910
216,0.086003,1.143027
217,0.085229,1.153413
218,0.085069,1.155582
219,0.085574,1.148755
220,0.085600,1.148411
221,0.086803,1.132493
222,0.087245,1.126761
223,0.086342,1.138537
224,0.087725,1.120595
225,0.093165,1.055162
226,0.087994,1.117172
227,0.091565,1.073600
228,0.090829,1.082300
229,0.092154,1.066741
230,0.088589,1.109666
231,0.090989,1.080397
232,0.094694,1.038118
233,0.090131,1.090677
234,0.090214,1.089671
235,0.091366,1.075932
236,0.090982,1.080473
237,0.091296,1.076761
238,0.096851,1.015000
239,0.096173,1.022160
240,0.092160,1.066667
241,0.092077,1.067631
242,0.092614,1.061433
243,0.092653,1.060993
244,0.092077,1.067631
245,0.100435,0.978780
246,0.097267,1.010659
247,0.092589,1.061727
248,0.094291,1.042558
249,0.094144,1.044188
250,0.097786,1.005301
251,0.104787,0.938130
252,0.095405,1.030388
253,0.096736,1.016209
254,0.095872,1.025367
255,0.094464,1.040650
256,0.096006,1.023932
257,0.095981,1.024205
258,0.096454,1.019176
259,0.099232,0.990648
260,0.100595,0.977224
261,0.111738,0.879776
262,0.104109,0.944243
263,0.108634,0.904913
264,0.099386,0.989117
265,0.098170,1.001369
266,0.099226,0.990712
267,0.112518,0.873670
268,0.117805,0.834465
269,0.110931,0.886171
270,0.100813,0.975114
271,0.102995,0.954452
272,0.102886,0.955462
273,0.106451,0.923465
274,0.103290,0.951732
275,0.106374,0.924132
276,0.112134,0.876662
277,0.106413,0.923799
278,0.107680,0.912927
279,0.126925,0.774506
280,0.103430,0.950436
281,0.103987,0.945347
282,0.103264,0.951968
283,0.107136,0.917563
284,0.104320,0.942331
285,0.103981,0.945405
286,0.108947,0.902309
287,0.106886,0.919705
288,0.105888,0.928377
289,0.104877,0.937328
290,0.113946,0.862728
291,0.108474,0.906248
292,0.112019,0.877564
293,0.106592,0.922246
294,0.106886,0.919705
295,0.109894,0.894532
296,0.110355,0.890796
297,0.106797,0.920477
298,0.121126,0.811582
299,0.110790,0.887297
300,0.107731,0.912493
301,0.113485,0.866231
302,0.109248,0.899824
303,0.110746,0.887656
304,0.108749,0.903955
305,0.109850,0.894896
306,0.108557,0.905554
307,0.111181,0.884181
308,0.109043,0.901514
309,0.110522,0.889455
310,0.111405,0.882404
311,0.111712,0.879977
312,0.111456,0.881998
313,0.112307,0.875314
314,0.112582,0.873174
315,0.114611,0.857717
316,0.116422,0.844374
317,0.119398,0.823328
318,0.112755,0.871836
319,0.113274,0.867846
320,0.112275,0.875563
321,0.114438,0.859012
322,0.119584,0.822050
323,0.114528,0.858340
324,0.118931,0.826562
325,0.113434,0.866622
326,0.115002,0.854805
327,0.121882,0.806553
328,0.122381,0.803263
329,0.117677,0.835373
330,0.117120,0.839344
331,0.116250,0.845629
332,0.146176,0.672504
333,0.138701,0.708749
334,0.118074,0.832565
335,0.118835,0.827230
336,0.118125,0.832205
337,0.117914,0.833695
338,0.117459,0.836920
339,0.120704,0.814422
340,0.118560,0.829150
341,0.125907,0.780765
342,0.118739,0.827898
343,0.121933,0.806215
344,0.123181,0.798047
345,0.121325,0.810255
346,0.119418,0.823195
347,0.118784,0.827586
348,0.121299,0.810426
349,0.119757,0.820864
350,0.136486,0.720248
351,0.136038,0.722620
352,0.149760,0.656410
353,0.150106,0.654899
354,0.122624,0.801670
355,0.122470,0.802676
356,0.122074,0.805285
357,0.121894,0.806469
358,0.127194,0.772869
359,0.124582,0.789068
360,0.122509,0.802424
361,0.124851,0.787369
362,0.125446,0.783633
363,0.177030,0.555294
364,0.128435,0.765398
365,0.126240,0.778707
366,0.131757,0.746102
367,0.130688,0.752204
368,0.128832,0.763040
369,0.127955,0.768269
370,0.126822,0.775131
371,0.133619,0.735703
372,0.131219,0.749159
373,0.126816,0.775170
374,0.127194,0.772869
375,0.126451,0.777407
376,0.125626,0.782516
377,0.129946,0.756501
378,0.133510,0.736302
379,0.131738,0.746211
380,0.154822,0.634947
381,0.153146,0.641899
382,0.132282,0.743142
383,0.131386,0.748210
384,0.131539,0.747336
385,0.134189,0.732580
386,0.129939,0.756538
387,0.135872,0.723504
388,0.138669,0.708912
389,0.136154,0.722008
390,0.131411,0.748064
391,0.131366,0.748319
392,0.132672,0.740955
393,0.131117,0.749744
394,0.133875,0.734296
395,0.137242,0.716284
396,0.135987,0.722892
397,0.159917,0.614720
398,0.135200,0.727101
399,0.135296,0.726585
400,0.141472,0.694865
401,0.135878,0.723470
402,0.142490,0.689903
403,0.136115,0.722212
404,0.134899,0.728722
405,0.144563,0.680007
406,0.135296,0.726585
407,0.135571,0.725110
408,0.135635,0.724768
409,0.137882,0.712959
410,0.136659,0.719337
411,0.136602,0.719640
412,0.135994,0.722858
413,0.142278,0.690927
414,0.142278,0.690927
415,0.138106,0.711803
416,0.137427,0.715317
417,0.137600,0.714419
418,0.138259,0.711012
419,0.138106,0.711803
420,0.138278,0.710914
421,0.140550,0.699422
422,0.138912,0.707671
423,0.141210,0.696157
424,0.140973,0.697326
425,0.140397,0.700187
426,0.141158,0.696409
427,0.143392,0.685561
428,0.141741,0.693548
429,0.142022,0.692172
430,0.142989,0.687494
431,0.161510,0.608654
432,0.184704,0.532225
433,0.176896,0.555716
434,0.143654,0.684309
435,0.143437,0.685347
436,0.142950,0.687679
437,0.145312,0.676503
438,0.145555,0.675373
439,0.143981,0.682758
440,0.143744,0.683882
441,0.144602,0.679826
442,0.156339,0.628787
443,0.173062,0.568026
444,0.162771,0.603940
445,0.145568,0.675313
446,0.144576,0.679947
447,0.147757,0.665310
448,0.149856,0.655990
449,0.146842,0.669456
450,0.149798,0.656242
451,0.148512,0.661926
452,0.149370,0.658126
453,0.148550,0.661755
454,0.148096,0.663786
455,0.148794,0.660674
456,0.150573,0.652867
457,0.148506,0.661955
458,0.149645,0.656916
459,0.149370,0.658126
460,0.149421,0.657900
461,0.150035,0.655206
462,0.150445,0.653422
463,0.151846,0.647391
464,0.150029,0.655234
465,0.150310,0.654007
466,0.151430,0.649170
467,0.150368,0.653756
468,0.151987,0.646791
469,0.153875,0.638855
470,0.151136,0.650434
471,0.154669,0.635577
472,0.151066,0.650737
473,0.152384,0.645107
474,0.153510,0.640374
475,0.158816,0.618980
476,0.154714,0.635393
477,0.152755,0.643539
478,0.153478,0.640507
479,0.156896,0.626555
480,0.154701,0.635446
481,0.154566,0.635999
482,0.154970,0.634344
483,0.153798,0.639174
484,0.157619,0.623680
485,0.154925,0.634527
486,0.160934,0.610833
487,0.155091,0.633846
488,0.155078,0.633899
489,0.156352,0.628735
490,0.155424,0.632489
491,0.155686,0.631423
492,0.160154,0.613811
493,0.161894,0.607211
494,0.159795,0.615187
495,0.161203,0.609814
496,0.158912,0.618606
497,0.162317,0.605630
498,0.158157,0.621560
499,0.165805,0.592890
500,0.161114,0.610153
501,0.159994,0.614425
502,0.159866,0.614917
503,0.158816,0.618980
504,0.160499,0.612489
505,0.163706,0.600493
506,0.160634,0.611977
507,0.163232,0.602235
508,0.161587,0.608365
509,0.160787,0.611392
510,0.165037,0.595649
511,0.163981,0.599485
512,0.161702,0.607932
513,0.162502,0.604939
514,0.167066,0.588416
515,0.154515,0.636209
516,0.151686,0.648074
517,0.152493,0.644647
518,0.152576,0.644295
519,0.150010,0.655318
520,0.151341,0.649554
521,0.151437,0.649142
522,0.150822,0.651786
523,0.154304,0.637080
524,0.151533,0.648731
525,0.152205,0.645867
526,0.151763,0.647746
527,0.152282,0.645541
528,0.151763,0.647746
529,0.152576,0.644295
530,0.161965,0.606947
531,0.153389,0.640881
532,0.152550,0.644403
533,0.159194,0.617512
534,0.158496,0.620230
535,0.155552,0.631969
536,0.156070,0.629870
537,0.155117,0.633742
538,0.156819,0.626862
539,0.155405,0.632567
540,0.155418,0.632515
541,0.156992,0.626172
542,0.157402,0.624543
543,0.156973,0.626249
544,0.157107,0.625713
545,0.156653,0.627528
546,0.159578,0.616026
547,0.161690,0.607980
548,0.158022,0.622089
549,0.158912,0.618606
550,0.157370,0.624670
551,0.158483,0.620280
552,0.159142,0.617711
553,0.160787,0.611392
554,0.159302,0.617091
555,0.159315,0.617041
556,0.164128,0.598947
557,0.160026,0.614302
558,0.160006,0.614375
559,0.160109,0.613982
560,0.160646,0.611928
561,0.165050,0.595603
562,0.161549,0.608510
563,0.160973,0.610687
564,0.160672,0.611830
565,0.160806,0.611319
566,0.161549,0.608510
567,0.161837,0.607427
568,0.161261,0.609596
569,0.161440,0.608920
570,0.161536,0.608558
571,0.163648,0.600704
572,0.162394,0.605344
573,0.162637,0.604439
574,0.162618,0.604510
575,0.170912,0.575173
576,0.163469,0.601362
577,0.177011,0.555355
578,0.162752,0.604011
579,0.162342,0.605535
580,0.168518,0.583343
581,0.164576,0.597317
582,0.163270,0.602093
583,0.164397,0.597968
584,0.180154,0.545668
585,0.191910,0.512239
586,0.200090,0.491300
587,0.168685,0.582767
588,0.164461,0.597735
589,0.250970,0.391697
590,0.166688,0.589749
591,0.166739,0.589567
592,0.198714,0.494702
593,0.168621,0.582989
594,0.171149,0.574377
595,0.168979,0.581752
596,0.168454,0.583564
597,0.169862,0.578727
598,0.173504,0.566581
599,0.181158,0.542641
600,0.172608,0.569522
601,0.169850,0.578771
602,0.175034,0.561629
603,0.176685,0.556381
604,0.170662,0.576014
605,0.171680,0.572600
606,0.169350,0.580477
607,0.176960,0.555515
608,0.193005,0.509335
609,0.169574,0.579710
610,0.171392,0.573562
611,0.170304,0.577227
612,0.169062,0.581466
613,0.175994,0.558566
614,0.172371,0.570304
615,0.174675,0.562782
616,0.170304,0.577227
617,0.176390,0.557309
618,0.174515,0.563298
619,0.176768,0.556119
620,0.171245,0.574055
621,0.174829,0.562287
622,0.171834,0.572088
623,0.171917,0.571811
624,0.173754,0.565767
625,0.183366,0.536107
626,0.173306,0.567229
627,0.174266,0.564104
628,0.177683,0.553254
629,0.182355,0.539080
630,0.175469,0.560236
631,0.176691,0.556360
632,0.175405,0.560441
633,0.175110,0.561383
634,0.164134,0.598924
635,0.159738,0.615409
636,0.158086,0.621837
637,0.159014,0.618208
638,0.158822,0.618956
639,0.164026,0.599321
640,0.159469,0.616447
641,0.162016,0.606755
642,0.164000,0.599415
643,0.160627,0.612001
644,0.165286,0.594750
645,0.159539,0.616175
646,0.159821,0.615089
647,0.159840,0.615015
648,0.161414,0.609016
649,0.164966,0.595903
650,0.164365,0.598084
651,0.161946,0.607019
652,0.160838,0.611197
653,0.160544,0.612318
654,0.162246,0.605893
655,0.162400,0.605320
656,0.163123,0.602637
657,0.163686,0.600563
658,0.163149,0.602542
659,0.163840,0.600000
660,0.167878,0.585567
661,0.163264,0.602117
662,0.167693,0.586215
663,0.167501,0.586887
664,0.165190,0.595095
665,0.168083,0.584853
666,0.165626,0.593531
667,0.164122,0.598971
668,0.164941,0.595996
669,0.173741,0.565808
670,0.169504,0.579951
671,0.216730,0.453579
672,0.199853,0.491882
673,0.173536,0.566476
674,0.180608,0.544295
675,0.167424,0.587156
676,0.178054,0.552101
677,0.166234,0.591361
678,0.168749,0.582546
679,0.176525,0.556885
680,0.166099,0.591839
681,0.166477,0.590497
682,0.166790,0.589386
683,0.170483,0.576620
684,0.167123,0.588213
685,0.167955,0.585299
686,0.167437,0.587111
687,0.167859,0.585634
688,0.172736,0.569100
689,0.168378,0.583831
690,0.168474,0.583498
691,0.169523,0.579885
692,0.168032,0.585031
693,0.169498,0.579973
694,0.169715,0.579229
695,0.167136,0.588168
696,0.167738,0.586058
697,0.172627,0.569458
698,0.171763,0.572323
699,0.170669,0.575993
700,0.169414,0.580258
701,0.169530,0.579863
702,0.172608,0.569522
703,0.179021,0.549121
704,0.171981,0.571599
705,0.170234,0.577465
706,0.170618,0.576166
707,0.170246,0.577422
708,0.170771,0.575647
709,0.175731,0.559400
710,0.174880,0.562123
711,0.170963,0.575001
712,0.176922,0.555636
713,0.177926,0.552498
714,0.170573,0.576317
715,0.171347,0.573712
716,0.176333,0.557491
717,0.175283,0.560830
718,0.172704,0.569205
719,0.173018,0.568173
720,0.171629,0.572771
721,0.172960,0.568363
722,0.173453,0.566748
723,0.177978,0.552339
724,0.173011,0.568194
725,0.175309,0.560748
726,0.177075,0.555154
727,0.175296,0.560789
728,0.176755,0.556159
729,0.174931,0.561958
730,0.177984,0.552319
731,0.175123,0.561342
732,0.177779,0.552956
733,0.182662,0.538173
734,0.175181,0.561157
735,0.178157,0.551784
736,0.175245,0.560952
737,0.179891,0.546464
738,0.177248,0.554613
739,0.177261,0.554573
740,0.176333,0.557491
741,0.176518,0.556905
742,0.176813,0.555978
743,0.195853,0.501928
744,0.213376,0.460708
745,0.199706,0.492245
746,0.179034,0.549081
747,0.181043,0.542986
748,0.180474,0.544700
749,0.179597,0.547359
750,0.179603,0.547340
751,0.182080,0.539895
752,0.181229,0.542430
753,0.179514,0.547613
754,0.179622,0.547281
755,0.180083,0.545881
756,0.185946,0.528671
757,0.181843,0.540598
758,0.180352,0.545067
759,0.180973,0.543198
760,0.185389,0.530259
761,0.187533,0.524196
762,0.181984,0.540179
763,0.185594,0.529673
764,0.183072,0.536969
765,0.182746,0.537928
766,0.183731,0.535042
767,0.184973,0.531451
768,0.182861,0.537589
769,0.188058,0.522733
770,0.183488,0.535752
771,0.187533,0.524196
772,0.190586,0.515800
773,0.185299,0.530515
774,0.187315,0.524805
775,0.187648,0.523875
776,0.185965,0.528616
777,0.185427,0.530149
778,0.184442,0.532982
779,0.185318,0.530460
780,0.188608,0.521208
781,0.186605,0.526803
782,0.185101,0.531084
783,0.185261,0.530625
784,0.187680,0.523785
785,0.188762,0.520784
786,0.194989,0.504152
787,0.187162,0.525236
788,0.186253,0.527799
789,0.191507,0.513318
790,0.190970,0.514763
791,0.193734,0.507416
792,0.194566,0.505247
793,0.193286,0.508592
794,0.187418,0.524518
795,0.188832,0.520590
796,0.191610,0.513043
797,0.192282,0.511250
798,0.195802,0.502059
799,0.190266,0.516667
800,0.195494,0.502848
801,0.192672,0.510214
802,0.192589,0.510435
803,0.199027,0.493922
804,0.190010,0.517363
805,0.190720,0.515436
806,0.192806,0.509859
807,0.192064,0.511829
808,0.205318,0.478788
809,0.198810,0.494463
810,0.193594,0.507785
811,0.193389,0.508323
812,0.195488,0.502865
813,0.193478,0.508088
814,0.197645,0.497377
815,0.192544,0.510553
816,0.194189,0.506229
817,0.194195,0.506212
818,0.193850,0.507115
819,0.193574,0.507836
820,0.203450,0.483186
821,0.197613,0.497458
822,0.193760,0.507349
823,0.194726,0.504831
824,0.196218,0.500995
825,0.195219,0.503557
826,0.195187,0.503640
827,0.197683,0.497281
828,0.200461,0.490390
829,0.200256,0.490892
830,0.200845,0.489453
831,0.195936,0.501715
832,0.196294,0.500799
833,0.200256,0.490892
834,0.196858,0.499366
835,0.196922,0.499204
836,0.197747,0.497120
837,0.198771,0.494559
838,0.197402,0.497990
839,0.198330,0.495660
840,0.199290,0.493272
841,0.199021,0.493938
842,0.198874,0.494304
843,0.202784,0.484772
844,0.198957,0.494097
845,0.199264,0.493335
846,0.204787,0.480030
847,0.200774,0.489624
848,0.204678,0.480285
849,0.199904,0.491756
850,0.200730,0.489734
851,0.200384,0.490578
852,0.200973,0.489141
853,0.223910,0.439033
854,0.216147,0.454801
855,0.201376,0.488161
856,0.205517,0.478326
857,0.204557,0.480571
858,0.202061,0.486507
859,0.203501,0.483064
860,0.204845,0.479895
861,0.205222,0.479012
862,0.205370,0.478669
863,0.201766,0.487217
864,0.205690,0.477924
865,0.201843,0.487032
866,0.204269,0.481248
867,0.203821,0.482306
868,0.219757,0.447331
869,0.250573,0.392317
870,0.252083,0.389966
871,0.222419,0.441976
872,0.225440,0.436054
873,0.207046,0.474792
874,0.205997,0.477211
875,0.205709,0.477879
876,0.206438,0.476191
877,0.212397,0.462832
878,0.206963,0.474983
879,0.206643,0.475719
880,0.226074,0.434832
881,0.215974,0.455165
882,0.211578,0.464624
883,0.209722,0.468736
884,0.210874,0.466175
885,0.208013,0.472586
886,0.206925,0.475071
887,0.218470,0.449965
888,0.209965,0.468193
889,0.227802,0.431533
890,0.211955,0.463796
891,0.210502,0.466997
892,0.209402,0.469452
893,0.210093,0.467907
894,0.214701,0.457865
895,0.221530,0.443751
896,0.212288,0.463069
897,0.233005,0.421897
898,0.214189,0.458960
899,0.211590,0.464596
900,0.211296,0.465243
901,0.211763,0.464217
902,0.212083,0.463516
903,0.210086,0.467922
904,0.217248,0.452497
905,0.211923,0.463866
906,0.212531,0.462539
907,0.221171,0.444470
908,0.216672,0.453700
909,0.226470,0.434070
910,0.211142,0.465582
911,0.215040,0.457143
912,0.213466,0.460514
913,0.217581,0.451805
914,0.213331,0.460805
915,0.217702,0.451552
916,0.213446,0.460556
917,0.217869,0.451207
918,0.215053,0.457116
919,0.216058,0.454990
920,0.221030,0.444753
921,0.215827,0.455476
922,0.215002,0.457225
923,0.216442,0.454183
924,0.215162,0.456884
925,0.216755,0.453525
926,0.215981,0.455152
927,0.216262,0.454559
928,0.216179,0.454734
929,0.216896,0.453231
930,0.218605,0.449688
931,0.217344,0.452297
932,0.217414,0.452150
933,0.223962,0.438932
934,0.217856,0.451234
935,0.217370,0.452244
936,0.218605,0.449688
937,0.220685,0.445450
938,0.219034,0.448808
939,0.219974,0.446888
940,0.218093,0.450744
941,0.220384,0.446058
942,0.239859,0.409840
943,0.250694,0.392127
944,0.247181,0.397701
945,0.248634,0.395377
946,0.238470,0.412227
947,0.221267,0.444277
948,0.231629,0.424403
949,0.243174,0.404253
950,0.225478,0.435980
951,0.223123,0.440582
952,0.227168,0.432737
953,0.222765,0.441291
954,0.220230,0.446369
955,0.241728,0.406672
956,0.247181,0.397701
957,0.236122,0.416328
958,0.247661,0.396930
959,0.246029,0.399563
960,0.246035,0.399553
961,0.253011,0.388536
962,0.225798,0.435362
963,0.224627,0.437632
964,0.220307,0.446213
965,0.225350,0.436227
966,0.229011,0.429254
967,0.228486,0.430240
968,0.223680,0.439485
969,0.229792,0.427796
970,0.235066,0.418198
971,0.255955,0.384067
972,0.224659,0.437569
973,0.224838,0.437221
974,0.227264,0.432554
975,0.225171,0.436574
976,0.224077,0.438707
977,0.224198,0.438469
978,0.228794,0.429662
979,0.225216,0.436488
980,0.229830,0.427724
981,0.225498,0.435943
982,0.226822,0.433396
983,0.226221,0.434549
984,0.228160,0.430856
985,0.227642,0.431837
986,0.231110,0.425355
987,0.231949,0.423818
988,0.227296,0.432493
989,0.228506,0.430204
990,0.229549,0.428249
991,0.229043,0.429194
992,0.227667,0.431788
993,0.227872,0.431400
994,0.228717,0.429807
995,0.233011,0.421885
996,0.228531,0.430156
997,0.228365,0.430469
998,0.228403,0.430397
999,0.232326,0.423129
1000,0.229984,0.427438
1001,0.235827,0.416848
1002,0.257862,0.381227
1003,0.245830,0.399885
1004,0.257248,0.382137
1005,0.257357,0.381976
1006,0.232019,0.423689
1007,0.231910,0.423888
1008,0.231699,0.424274
1009,0.231674,0.424321
1010,0.232525,0.422768
1011,0.231942,0.423829
1012,0.269402,0.364898
1013,0.293946,0.334429
1014,0.232595,0.422640
1015,0.235232,0.417902
1016,0.233491,0.421018
1017,0.233632,0.420764
1018,0.235885,0.416746
1019,0.236045,0.416463
1020,0.236250,0.416102
1021,0.234189,0.419764
1022,0.235046,0.418232
1023,0.235859,0.416791
1024,0.238797,0.411664
1025,0.235398,0.417607
1026,0.234336,0.419500
1027,0.234829,0.418620
1028,0.234144,0.419844
1029,0.238221,0.412659
1030,0.237114,0.414586
1031,0.236832,0.415079
1032,0.238099,0.412870
1033,0.237875,0.413259
1034,0.237018,0.414754
1035,0.238867,0.411542
1036,0.237677,0.413604
1037,0.237805,0.413381
1038,0.237581,0.413771
1039,0.236774,0.415180
1040,0.239174,0.411014
1041,0.238541,0.412106
1042,0.237888,0.413236
1043,0.238099,0.412870
1044,0.238682,0.411862
1045,0.241466,0.407114
1046,0.239469,0.410509
1047,0.238189,0.412715
1048,0.238675,0.411874
1049,0.242003,0.406209
1050,0.239834,0.409884
1051,0.241114,0.407708
1052,0.239245,0.410893
1053,0.241325,0.407351
1054,0.240243,0.409185
1055,0.242880,0.404743
1056,0.240531,0.408695
1057,0.240902,0.408066
1058,0.242893,0.404722
1059,0.242246,0.405802
1060,0.242195,0.405887
1061,0.243347,0.403966
1062,0.247283,0.397536
1063,0.242400,0.405545
1064,0.243392,0.403892
1065,0.243942,0.402980
1066,0.242746,0.404967
1067,0.242259,0.405780
1068,0.246509,0.398785
1069,0.243712,0.403361
1070,0.245517,0.400396
1071,0.255360,0.384962
1072,0.244422,0.402189
1073,0.249395,0.394170
1074,0.244019,0.402854
1075,0.244749,0.401653
1076,0.245773,0.399979
1077,0.246093,0.399459
1078,0.243661,0.403446
1079,0.245114,0.401055
1080,0.245926,0.399729
1081,0.247002,0.397989
1082,0.248851,0.395031
1083,0.247194,0.397680
1084,0.247443,0.397279
1085,0.246022,0.399573
1086,0.248826,0.395072
1087,0.247219,0.397639
1088,0.246656,0.398547
1089,0.251590,0.390730
1090,0.248166,0.396121
1091,0.276806,0.355136
1092,0.283258,0.347048
1093,0.276160,0.355968
1094,0.265261,0.370594
1095,0.246438,0.398899
1096,0.248755,0.395184
1097,0.249894,0.393382
1098,0.254995,0.385513
1099,0.249574,0.393887
1100,0.249299,0.394321
1101,0.251475,0.390909
1102,0.249210,0.394463
1103,0.248941,0.394889
1104,0.249933,0.393322
1105,0.253645,0.387566
1106,0.252179,0.389818
1107,0.250598,0.392277
1108,0.250739,0.392057
1109,0.251693,0.390571
1110,0.250195,0.392909
1111,0.251750,0.390482
1112,0.249760,0.393594
1113,0.254899,0.385658
1114,0.254099,0.386873
1115,0.251187,0.391358
1116,0.317062,0.310046
1117,0.303226,0.324194
1118,0.256230,0.383655
1119,0.255942,0.384086
1120,0.255309,0.385040
1121,0.257696,0.381473
1122,0.266880,0.368345
1123,0.258336,0.380528
1124,0.258099,0.380877
1125,0.256954,0.382575
1126,0.255622,0.384567
1127,0.282810,0.347598
1128,0.276198,0.355918
1129,0.260013,0.378074
1130,0.257088,0.382375
1131,0.256301,0.383549
1132,0.258214,0.380707
1133,0.256262,0.383607
1134,0.316288,0.310805
1135,0.277005,0.354882
1136,0.257235,0.382156
1137,0.258106,0.380867
1138,0.257274,0.382099
1139,0.256026,0.383962
1140,0.258592,0.380151
1141,0.257594,0.381624
1142,0.276211,0.355902
1143,0.263104,0.373632
1144,0.263795,0.372653
1145,0.258682,0.380019
1146,0.258163,0.380782
1147,0.259859,0.378297
1148,0.258144,0.380811
1149,0.273293,0.359702
1150,0.263981,0.372391
1151,0.270086,0.363972
1152,0.266214,0.369266
1153,0.260083,0.377971
1154,0.261677,0.375670
1155,0.262586,0.374369
1156,0.261408,0.376056
1157,0.334438,0.293938
1158,0.269190,0.365184
1159,0.261101,0.376498
1160,0.262534,0.374442
1161,0.262464,0.374543
1162,0.262714,0.374187
1163,0.265414,0.370379
1164,0.270746,0.363086
1165,0.282394,0.348110
1166,0.264813,0.371221
1167,0.264102,0.372219
1168,0.265197,0.370683
1169,0.264954,0.371023
1170,0.265958,0.369622
1171,0.264467,0.371706
1172,0.278336,0.353185
1173,0.268160,0.366587
1174,0.266189,0.369302
1175,0.265491,0.370272
1176,0.301594,0.325949
1177,0.282963,0.347409
1178,0.268922,0.365549
1179,0.266106,0.369417
1180,0.268179,0.366561
1181,0.267578,0.367385
1182,0.275878,0.356331
1183,0.321370,0.305891
1184,0.305933,0.321325
1185,0.280192,0.350845
1186,0.272435,0.360834
1187,0.302541,0.324928
1188,0.291949,0.336717
1189,0.275654,0.356620
1190,0.269958,0.364145
1191,0.267885,0.366964
1192,0.272544,0.360690
1193,0.268269,0.366438
1194,0.268333,0.366351
1195,0.268973,0.365479
1196,0.271981,0.361437
1197,0.269152,0.365236
1198,0.268595,0.365993
1199,0.277402,0.354374
1200,0.284736,0.345246
1201,0.286982,0.342544
1202,0.268480,0.366150
1203,0.269888,0.364240
1204,0.270438,0.363499
1205,0.273818,0.359013
1206,0.272678,0.360513
1207,0.272621,0.360589
1208,0.271091,0.362623
1209,0.271142,0.362555
1210,0.271136,0.362563
1211,0.274054,0.358703
1212,0.271418,0.362187
1213,0.272192,0.361157
1214,0.271802,0.361676
1215,0.271418,0.362187
1216,0.271584,0.361965
1217,0.271808,0.361667
1218,0.273664,0.359214
1219,0.273824,0.359004
1220,0.273421,0.359534
1221,0.273286,0.359711
1222,0.273517,0.359408
1223,0.275987,0.356190
1224,0.274880,0.357625
1225,0.273062,0.360006
1226,0.273677,0.359197
1227,0.274182,0.358535
1228,0.273869,0.358946
1229,0.273773,0.359071
1230,0.289280,0.339823
1231,0.294195,0.334145
1232,0.291450,0.337293
1233,0.278016,0.353591
1234,0.275981,0.356199
1235,0.275315,0.357060
1236,0.275942,0.356248
1237,0.277075,0.354792
1238,0.278950,0.352407
1239,0.314323,0.312748
1240,0.310240,0.316864
1241,0.290822,0.338021
1242,0.282624,0.347826
1243,0.281408,0.349329
1244,0.277331,0.354464
1245,0.282080,0.348497
1246,0.278003,0.353607
1247,0.277139,0.354710
1248,0.277101,0.354759
1249,0.279040,0.352294
1250,0.278989,0.352358
1251,0.279885,0.351230
1252,0.279290,0.351979
1253,0.278925,0.352439
1254,0.279405,0.351834
1255,0.279597,0.351592
1256,0.279578,0.351616
1257,0.279846,0.351278
1258,0.279974,0.351118
1259,0.279142,0.352164
1260,0.284198,0.345899
1261,0.280288,0.350725
1262,0.282394,0.348110
1263,0.282880,0.347511
1264,0.282803,0.347606
1265,0.280934,0.349918
1266,0.282330,0.348189
1267,0.282707,0.347724
1268,0.282566,0.347897
1269,0.282189,0.348363
1270,0.283450,0.346813
1271,0.284051,0.346078
1272,0.283110,0.347228
1273,0.282682,0.347755
1274,0.282803,0.347606
1275,0.284614,0.345394
1276,0.284102,0.346016
1277,0.283142,0.347189
1278,0.284051,0.346078
1279,0.286886,0.342658
1280,0.287744,0.341637
1281,0.292346,0.336260
1282,0.288749,0.340448
1283,0.284934,0.345006
1284,0.289254,0.339853
1285,0.285344,0.344510
1286,0.285466,0.344364
1287,0.286419,0.343217
1288,0.287686,0.341705
1289,0.286918,0.342620
1290,0.321574,0.305696
1291,0.309453,0.317670
1292,0.320173,0.307034
1293,0.316090,0.311000
1294,0.287245,0.342231
1295,0.287110,0.342391
1296,0.287398,0.342048
1297,0.288134,0.341174
1298,0.288858,0.340320
1299,0.287526,0.341896
1300,0.288640,0.340577
1301,0.289702,0.339328
1302,0.289082,0.340056
1303,0.288998,0.340154
1304,0.289843,0.339163
1305,0.289376,0.339710
1306,0.293344,0.335115
1307,0.290656,0.338214
1308,0.289965,0.339020
1309,0.289606,0.339440
1310,0.289747,0.339275
1311,0.293901,0.334480
1312,0.291750,0.336946
1313,0.291168,0.337619
1314,0.293325,0.335137
1315,0.290925,0.337902
1316,0.291930,0.336739
1317,0.291603,0.337116
1318,0.292173,0.336458
1319,0.295014,0.333218
1320,0.292941,0.335576
1321,0.293645,0.334772
1322,0.296358,0.331706
1323,0.295795,0.332338
1324,0.297453,0.330486
1325,0.302611,0.324852
1326,0.294854,0.333398
1327,0.297824,0.330074
1328,0.296557,0.331485
1329,0.296800,0.331213
1330,0.295878,0.332245
1331,0.294861,0.333391
1332,0.294317,0.334007
1333,0.297920,0.329968
1334,0.295482,0.332691
1335,0.295616,0.332540
1336,0.296454,0.331599
1337,0.299053,0.328718
1338,0.302720,0.324736
1339,0.351546,0.279634
1340,0.361491,0.271940
1341,0.341344,0.287991
1342,0.329754,0.298113
1343,0.311194,0.315893
1344,0.298509,0.329317
1345,0.296710,0.331313
1346,0.301370,0.326191
1347,0.299712,0.327995
1348,0.306368,0.320869
1349,0.301638,0.325900
1350,0.302566,0.324901
1351,0.299475,0.328254
1352,0.310752,0.316342
1353,0.301094,0.326489
1354,0.300371,0.327275
1355,0.351014,0.280057
1356,0.327405,0.300252
1357,0.345818,0.284265
1358,0.302733,0.324722
1359,0.302464,0.325011
1360,0.326797,0.300811
1361,0.339072,0.289921
1362,0.331648,0.296411
1363,0.329792,0.298079
1364,0.306157,0.321090
1365,0.308819,0.318322
1366,0.304435,0.322906
1367,0.306515,0.320715
1368,0.306438,0.320795
1369,0.308365,0.318791
1370,0.305965,0.321292
1371,0.302874,0.324571
1372,0.302515,0.324956
1373,0.302285,0.325203
1374,0.331219,0.296794
1375,0.350861,0.280180
1376,0.338042,0.290804
1377,0.334394,0.293977
1378,0.305222,0.322073
1379,0.314387,0.312684
1380,0.309491,0.317631
1381,0.304115,0.323246
1382,0.305453,0.321830
1383,0.304774,0.322547
1384,0.304890,0.322425
1385,0.305216,0.322080
1386,0.306323,0.320916
1387,0.305274,0.322019
1388,0.304704,0.322621
1389,0.305350,0.321938
1390,0.307315,0.319880
1391,0.307347,0.319847
1392,0.306509,0.320722
1393,0.307104,0.320100
1394,0.306611,0.320614
1395,0.307936,0.319235
1396,0.307245,0.319953
1397,0.307731,0.319448
1398,0.315302,0.311777
1399,0.322278,0.305028
1400,0.310362,0.316740
1401,0.312243,0.314832
1402,0.309293,0.317835
1403,0.317965,0.309166
1404,0.317805,0.309322
1405,0.309766,0.317349
1406,0.310272,0.316832
1407,0.310912,0.316179
1408,0.309773,0.317342
1409,0.313402,0.313668
1410,0.316102,0.310988
1411,0.314848,0.312227
1412,0.311456,0.315627
1413,0.310630,0.316466
1414,0.310118,0.316989
1415,0.316429,0.310667
1416,0.313779,0.313290
1417,0.315917,0.311171
1418,0.311405,0.315679
1419,0.312070,0.315006
1420,0.312634,0.314438
1421,0.318554,0.308595
1422,0.316570,0.310529
1423,0.313088,0.313982
1424,0.346451,0.283746
1425,0.332378,0.295760
1426,0.317779,0.309347
1427,0.314176,0.312895
1428,0.314522,0.312551
1429,0.316173,0.310919
1430,0.314509,0.312564
1431,0.315488,0.311593
1432,0.316358,0.310736
1433,0.320678,0.306550
1434,0.315834,0.311253
1435,0.314803,0.312271
1436,0.316102,0.310988
1437,0.316160,0.310931
1438,0.316422,0.310673
1439,0.316947,0.310159
1440,0.315802,0.311284
1441,0.316909,0.310196
1442,0.321734,0.305544
1443,0.318298,0.308843
1444,0.320429,0.306789
1445,0.331027,0.296967
1446,0.320013,0.307188
1447,0.318029,0.309104
1448,0.317427,0.309690
1449,0.317971,0.309160
1450,0.317024,0.310084
1451,0.318144,0.308992
1452,0.327648,0.300029
1453,0.320397,0.306820
1454,0.320128,0.307077
1455,0.317670,0.309453
1456,0.323667,0.303719
1457,0.319994,0.307206
1458,0.322400,0.304913
1459,0.321338,0.305921
1460,0.333446,0.294812
1461,0.320557,0.306666
1462,0.323872,0.303527
1463,0.325114,0.302368
1464,0.324877,0.302589
1465,0.328992,0.298804
1466,0.327597,0.300076
1467,0.321139,0.306110
1468,0.350854,0.280185
1469,0.338182,0.290683
1470,0.337971,0.290865
1471,0.321363,0.305897
1472,0.323104,0.304249
1473,0.325786,0.301744
1474,0.322835,0.304502
1475,0.322989,0.304357
1476,0.329466,0.298374
1477,0.323942,0.303461
1478,0.328038,0.299672
1479,0.326906,0.300711
1480,0.324819,0.302642
1481,0.324768,0.302690
1482,0.324550,0.302893
1483,0.323661,0.303725
1484,0.324480,0.302959
1485,0.326221,0.301342
1486,0.331789,0.296285
1487,0.328774,0.299001
1488,0.331040,0.296955
1489,0.329594,0.298258
1490,0.334144,0.294197
1491,0.342880,0.286701
1492,0.328211,0.299514
1493,0.327117,0.300517
1494,0.329702,0.298160
1495,0.324890,0.302577
1496,0.326438,0.301141
1497,0.330842,0.297133
1498,0.326150,0.301407
1499,0.326061,0.301490
1500,0.327091,0.300540
1501,0.332371,0.295766
1502,0.331066,0.296932
1503,0.328723,0.299048
1504,0.327968,0.299737
1505,0.333370,0.294880
1506,0.330886,0.297093
1507,0.330496,0.297444
1508,0.330682,0.297277
1509,0.329760,0.298108
1510,0.330285,0.297634
1511,0.329670,0.298189
1512,0.330944,0.297041
1513,0.334509,0.293876
1514,0.330720,0.297242
1515,0.335840,0.292711
1516,0.331187,0.296823
1517,0.332275,0.295851
1518,0.333370,0.294880
1519,0.335955,0.292610
1520,0.335411,0.293085
1521,0.339776,0.289320
1522,0.339795,0.289304
1523,0.332826,0.295362
1524,0.333427,0.294829
1525,0.337555,0.291223
1526,0.333862,0.294445
1527,0.337926,0.290904
1528,0.332768,0.295413
1529,0.334624,0.293775
1530,0.334330,0.294033
1531,0.336717,0.291949
1532,0.334547,0.293842
1533,0.335168,0.293298
1534,0.336102,0.292482
1535,0.333709,0.294580
1536,0.338374,0.290518
1537,0.336576,0.292071
1538,0.334784,0.293634
1539,0.334202,0.294146
1540,0.335955,0.292610
1541,0.339200,0.289811
1542,0.345293,0.284698
1543,0.349715,0.281097
1544,0.369101,0.266334
1545,0.350285,0.280640
1546,0.343072,0.286540
1547,0.340326,0.288852
1548,0.337178,0.291550
1549,0.340704,0.288532
1550,0.343878,0.285868
1551,0.343558,0.286135
1552,0.347910,0.282555
1553,0.340045,0.289091
1554,0.345466,0.284555
1555,0.338931,0.290041
1556,0.343341,0.286316
1557,0.341056,0.288234
1558,0.338944,0.290030
1559,0.348883,0.281768
1560,0.364960,0.269356
1561,0.375789,0.261594
1562,0.362803,0.270957
1563,0.385389,0.255077
1564,0.383091,0.256607
1565,0.347123,0.283196
1566,0.340058,0.289080
1567,0.341542,0.287824
1568,0.339667,0.289413
1569,0.340998,0.288283
1570,0.345862,0.284229
1571,0.346310,0.283861
1572,0.346746,0.283505
1573,0.350829,0.280205
1574,0.345242,0.284740
1575,0.347827,0.282623
1576,0.344134,0.285656
1577,0.343238,0.286402
1578,0.344634,0.285242
1579,0.344986,0.284951
1580,0.346253,0.283908
1581,0.350490,0.280476
1582,0.345434,0.284581
1583,0.345798,0.284281
1584,0.345542,0.284492
1585,0.344954,0.284977
1586,0.345811,0.284271
1587,0.343686,0.286028
1588,0.344845,0.285067
1589,0.345837,0.284250
1590,0.359686,0.273305
1591,0.346342,0.283835
1592,0.346240,0.283919
1593,0.348589,0.282006
1594,0.347155,0.283170
1595,0.352435,0.278928
1596,0.361504,0.271931
1597,0.348038,0.282452
1598,0.365523,0.268941
1599,0.354624,0.277206
1600,0.347667,0.282753
1601,0.361370,0.272032
1602,0.397818,0.247108
1603,0.366278,0.268386
1604,0.349824,0.281010
1605,0.348691,0.281923
1606,0.347981,0.282498
1607,0.362106,0.271479
1608,0.370835,0.265088
1609,0.351194,0.279914
1610,0.354861,0.277021
1611,0.351693,0.279517
1612,0.352288,0.279044
1613,0.352320,0.279019
1614,0.352166,0.279141
1615,0.363085,0.270747
1616,0.351661,0.279542
1617,0.350867,0.280174
1618,0.351322,0.279812
1619,0.353286,0.278256
1620,0.356762,0.275545
1621,0.356934,0.275412
1622,0.352922,0.278543
1623,0.355821,0.276274
1624,0.352518,0.278862
1625,0.357114,0.275274
1626,0.352237,0.279085
1627,0.352806,0.278634
1628,0.352646,0.278761
1629,0.358438,0.274256
1630,0.354906,0.276986
1631,0.352749,0.278680
1632,0.355706,0.276363
1633,0.354182,0.277552
1634,0.385344,0.255107
1635,0.389248,0.252548
1636,0.383443,0.256372
1637,0.387648,0.253591
1638,0.395366,0.248640
1639,0.374682,0.262367
1640,0.356051,0.276095
1641,0.356870,0.275461
1642,0.357933,0.274644
1643,0.356838,0.275486
1644,0.356064,0.276085
1645,0.368320,0.266898
1646,0.402003,0.244535
1647,0.390125,0.251981
1648,0.370272,0.265491
1649,0.358304,0.274359
1650,0.358291,0.274369
1651,0.361523,0.271916
1652,0.360627,0.272592
1653,0.361715,0.271772
1654,0.359507,0.273441
1655,0.360109,0.272984
1656,0.359155,0.273709
1657,0.361133,0.272210
1658,0.363251,0.270623
1659,0.360966,0.272336
1660,0.362970,0.270833
1661,0.361856,0.271666
1662,0.361818,0.271695
1663,0.359462,0.273475
1664,0.365472,0.268978
1665,0.359296,0.273602
1666,0.361498,0.271935
1667,0.366765,0.268030
1668,0.362355,0.271292
1669,0.361178,0.272176
1670,0.364070,0.270014
1671,0.363046,0.270775
1672,0.364218,0.269905
1673,0.364973,0.269346
1674,0.365325,0.269087
1675,0.362618,0.271095
1676,0.364115,0.269981
1677,0.362874,0.270904
1678,0.363315,0.270575
1679,0.363424,0.270494
1680,0.367136,0.267759
1681,0.398413,0.246739
1682,0.364691,0.269554
1683,0.367450,0.267531
1684,0.370541,0.265299
1685,0.368134,0.267033
1686,0.368102,0.267056
1687,0.368282,0.266926
1688,0.367322,0.267624
1689,0.370016,0.265675
1690,0.368224,0.266968
1691,0.366080,0.268531
1692,0.368173,0.267005
1693,0.365856,0.268696
1694,0.366822,0.267988
1695,0.366099,0.268517
1696,0.367981,0.267144
1697,0.368397,0.266843
1698,0.367507,0.267489
1699,0.366835,0.267979
1700,0.367021,0.267843
1701,0.366976,0.267876
1702,0.372448,0.263940
1703,0.373094,0.263483
1704,0.370694,0.265189
1705,0.369645,0.265942
1706,0.373293,0.263343
1707,0.369536,0.266020
1708,0.370451,0.265363
1709,0.369920,0.265744
1710,0.370381,0.265413
1711,0.371040,0.264942
1712,0.370957,0.265001
1713,0.369382,0.266131
1714,0.368787,0.266560
1715,0.370867,0.265065
1716,0.370918,0.265029
1717,0.370394,0.265404
1718,0.372838,0.263664
1719,0.371277,0.264773
1720,0.371226,0.264809
1721,0.377427,0.260458
1722,0.380019,0.258682
1723,0.372160,0.264144
1724,0.371251,0.264791
1725,0.374598,0.262425
1726,0.376307,0.261233
1727,0.373466,0.263221
1728,0.372602,0.263831
1729,0.371629,0.264522
1730,0.433670,0.226679
1731,0.420794,0.233616
1732,0.430240,0.228486
1733,0.412109,0.238539
1734,0.397907,0.247053
1735,0.378458,0.259749
1736,0.377088,0.260692
1737,0.384947,0.255370
1738,0.392077,0.250726
1739,0.378528,0.259701
1740,0.377958,0.260092
1741,0.377837,0.260176
1742,0.378746,0.259552
1743,0.376934,0.260799
1744,0.379949,0.258730
1745,0.379878,0.258778
1746,0.375859,0.261545
1747,0.377082,0.260697
1748,0.396205,0.248114
1749,0.424819,0.231402
1750,0.403053,0.243899
1751,0.390643,0.251647
1752,0.378720,0.259569
1753,0.378451,0.259753
1754,0.377632,0.260317
1755,0.377139,0.260657
1756,0.380250,0.258525
1757,0.381728,0.257524
1758,0.379546,0.259004
1759,0.378522,0.259705
1760,0.378701,0.259582
1761,0.390419,0.251791
1762,0.380070,0.258647
1763,0.380173,0.258577
1764,0.379379,0.259118
1765,0.381088,0.257956
1766,0.379014,0.259367
1767,0.381344,0.257783
1768,0.380672,0.258238
1769,0.381222,0.257865
1770,0.382541,0.256977
1771,0.382080,0.257286
1772,0.382150,0.257239
1773,0.381888,0.257416
1774,0.388800,0.252840
1775,0.381498,0.257679
1776,0.384787,0.255476
1777,0.382662,0.256895
1778,0.383066,0.256624
1779,0.383379,0.256415
1780,0.385453,0.255035
1781,0.387034,0.253993
1782,0.393139,0.250049
1783,0.417402,0.235514
1784,0.384947,0.255370
1785,0.391981,0.250788
1786,0.444397,0.221208
1787,0.429811,0.228714
1788,0.431379,0.227883
1789,0.419322,0.234436
1790,0.435213,0.225876
1791,0.385926,0.254722
1792,0.395021,0.248858
1793,0.394752,0.249027
1794,0.388474,0.253052
1795,0.385760,0.254832
1796,0.387667,0.253578
1797,0.389293,0.252519
1798,0.386432,0.254389
1799,0.385939,0.254714
1800,0.393184,0.250020
1801,0.392077,0.250726
1802,0.391584,0.251042
1803,0.396352,0.248022
1804,0.420986,0.233509
1805,0.390957,0.251445
1806,0.389594,0.252324
1807,0.389587,0.252329
1808,0.391136,0.251329
1809,0.393325,0.249931
1810,0.388781,0.252852
1811,0.393773,0.249647
1812,0.404403,0.243084
1813,0.426560,0.230458
1814,0.424858,0.231381
1815,0.431930,0.227593
1816,0.435821,0.225561
1817,0.423680,0.232024
1818,0.393043,0.250110
1819,0.393805,0.249626
1820,0.390662,0.251634
1821,0.392845,0.250236
1822,0.402982,0.243941
1823,0.392198,0.250649
1824,0.391616,0.251021
1825,0.391936,0.250816
1826,0.397773,0.247136
1827,0.393958,0.249529
1828,0.393875,0.249582
1829,0.394163,0.249399
1830,0.394605,0.249120
1831,0.394176,0.249391
1832,0.395424,0.248604
1833,0.402490,0.244240
1834,0.397683,0.247192
1835,0.396730,0.247786
1836,0.399117,0.246304
1837,0.404499,0.243026
1838,0.395309,0.248676
1839,0.399987,0.245768
1840,0.395590,0.248499
1841,0.399053,0.246343
1842,0.396218,0.248106
1843,0.398963,0.246399
1844,0.400589,0.245399
1845,0.403277,0.243763
1846,0.396141,0.248154
1847,0.397824,0.247104
1848,0.400019,0.245748
1849,0.398253,0.246838
1850,0.398874,0.246454
1851,0.400352,0.245544
1852,0.398227,0.246854
1853,0.397971,0.247013
1854,0.397894,0.247061
1855,0.397626,0.247228
1856,0.399341,0.246166
1857,0.399488,0.246075
1858,0.398733,0.246541
1859,0.400224,0.245622
1860,0.398573,0.246640
1861,0.402067,0.244496
1862,0.399718,0.245933
1863,0.406330,0.241932
1864,0.403091,0.243875
1865,0.401235,0.245003
1866,0.400710,0.245324
1867,0.401914,0.244590
1868,0.409062,0.240315
1869,0.402246,0.244388
1870,0.402099,0.244477
1871,0.402042,0.244512
1872,0.402739,0.244088
1873,0.403488,0.243635
1874,0.403552,0.243597
1875,0.406560,0.241795
1876,0.404038,0.243304
1877,0.407757,0.241085
1878,0.409965,0.239786
1879,0.407526,0.241221
1880,0.408186,0.240832
1881,0.402176,0.244430
1882,0.408621,0.240575
1883,0.405856,0.242214
1884,0.405229,0.242589
1885,0.406227,0.241993
1886,0.405114,0.242658
1887,0.404602,0.242965
1888,0.406227,0.241993
1889,0.409018,0.240342
1890,0.409114,0.240285
1891,0.405510,0.242420
1892,0.408198,0.240824
1893,0.408288,0.240771
1894,0.408826,0.240455
1895,0.405824,0.242233
1896,0.411002,0.239182
1897,0.405651,0.242336
1898,0.406445,0.241863
1899,0.407315,0.241346
1900,0.407942,0.240975
1901,0.411546,0.238865
1902,0.409542,0.240034
1903,0.406547,0.241802
1904,0.410656,0.239383
1905,0.407693,0.241123
1906,0.431302,0.227924
1907,0.432870,0.227098
1908,0.428243,0.229552
1909,0.427802,0.229789
1910,0.435603,0.225673
1911,0.427629,0.229882
1912,0.420666,0.233687
1913,0.429779,0.228731
1914,0.420275,0.233904
1915,0.424890,0.231364
1916,0.431725,0.227701
1917,0.417926,0.235218
1918,0.425536,0.231012
1919,0.438675,0.224093
1920,0.425248,0.231169
1921,0.419789,0.234175
1922,0.413370,0.237811
1923,0.419091,0.234565
1924,0.454118,0.216472
1925,0.427968,0.229699
1926,0.425843,0.230846
1927,0.413920,0.237495
1928,0.422579,0.232629
1929,0.426048,0.230735
1930,0.415245,0.236737
1931,0.420128,0.233986
1932,0.416256,0.236162
1933,0.418611,0.234834
1934,0.417267,0.235590
1935,0.498323,0.197270
1936,0.418419,0.234941
1937,0.417024,0.235727
1938,0.421875,0.233017
1939,0.427437,0.229985
1940,0.425523,0.231019
1941,0.422982,0.232407
1942,0.420678,0.233680
1943,0.416698,0.235912
1944,0.415533,0.236573
1945,0.417978,0.235190
1946,0.454656,0.216216
1947,0.444646,0.221084
1948,0.433984,0.226515
1949,0.434304,0.226348
1950,0.451200,0.217872
1951,0.436026,0.225455
1952,0.461658,0.212937
1953,0.433050,0.227004
1954,0.426675,0.230395
1955,0.417869,0.235251
1956,0.421421,0.233268
1957,0.451955,0.217508
1958,0.434176,0.226415
1959,0.434355,0.226322
1960,0.473453,0.207632
1961,0.464326,0.211713
1962,0.448256,0.219303
1963,0.437888,0.224496
1964,0.427757,0.229813
1965,0.427546,0.229926
1966,0.436467,0.225227
1967,0.428646,0.229336
1968,0.426400,0.230544
1969,0.427232,0.230095
1970,0.427776,0.229803
1971,0.430835,0.228171
1972,0.465306,0.211268
1973,0.431885,0.227616
1974,0.423066,0.232361
1975,0.423014,0.232389
1976,0.423021,0.232386
1977,0.422022,0.232936
1978,0.422163,0.232858
1979,0.423834,0.231940
1980,0.421984,0.232957
1981,0.422131,0.232875
1982,0.426739,0.230361
1983,0.434419,0.226288
1984,0.424352,0.231657
1985,0.424102,0.231793
1986,0.425754,0.230894
1987,0.427360,0.230026
1988,0.426470,0.230506
1989,0.425702,0.230922
1990,0.426944,0.230250
1991,0.424582,0.231531
1992,0.426995,0.230223
1993,0.425459,0.231054
1994,0.426515,0.230482
1995,0.442234,0.222290
1996,0.433504,0.226766
1997,0.428480,0.229425
1998,0.429728,0.228759
1999,0.426317,0.230589
2000,0.428966,0.229165
2001,0.429120,0.229083
2002,0.428819,0.229243
2003,0.426829,0.230312
2004,0.427558,0.229919
2005,0.429690,0.228779
2006,0.427565,0.229916
2007,0.428000,0.229682
2008,0.427968,0.229699
2009,0.429645,0.228803
2010,0.428166,0.229593
2011,0.439309,0.223770
2012,0.429069,0.229110
2013,0.430515,0.228340
2014,0.430886,0.228144
2015,0.430810,0.228184
2016,0.429427,0.228919
2017,0.431731,0.227697
2018,0.434656,0.226165
2019,0.430182,0.228517
2020,0.439411,0.223718
2021,0.429517,0.228871
2022,0.431853,0.227633
2023,0.431123,0.228018
2024,0.436806,0.225052
2025,0.432563,0.227259
2026,0.433869,0.226575
2027,0.435283,0.225839
2028,0.444122,0.221345
2029,0.431123,0.228018
2030,0.433114,0.226970
2031,0.433690,0.226669
2032,0.433978,0.226519
2033,0.432250,0.227424
2034,0.441472,0.222673
2035,0.433299,0.226873
2036,0.434790,0.226095
2037,0.435168,0.225899
2038,0.435622,0.225663
2039,0.440755,0.223035
2040,0.433792,0.226616
2041,0.433805,0.226609
2042,0.436525,0.225197
2043,0.435552,0.225700
2044,0.433408,0.226816
2045,0.434643,0.226172
2046,0.435987,0.225475
2047,0.436928,0.224989
2048,0.437414,0.224739
2049,0.436691,0.225111
2050,0.436915,0.224996
2051,0.435341,0.225809
2052,0.436813,0.225048
2053,0.436563,0.225177
2054,0.435520,0.225716
2055,0.437370,0.224762
2056,0.441805,0.222506
2057,0.445882,0.220471
2058,0.437357,0.224768
2059,0.440320,0.223256
2060,0.441165,0.222828
2061,0.449670,0.218613
2062,0.487386,0.201697
2063,0.468883,0.209656
2064,0.443936,0.221437
2065,0.441344,0.222738
2066,0.443046,0.221882
2067,0.440934,0.222945
2068,0.446342,0.220243
2069,0.442912,0.221949
2070,0.444838,0.220988
2071,0.455866,0.215643
2072,0.471162,0.208642
2073,0.446477,0.220177
2074,0.441242,0.222790
2075,0.448499,0.219184
2076,0.453453,0.216790
2077,0.452301,0.217342
2078,0.453306,0.216860
2079,0.442682,0.222065
2080,0.441760,0.222528
2081,0.442362,0.222225
2082,0.451162,0.217891
2083,0.462093,0.212736
2084,0.443283,0.221763
2085,0.443526,0.221642
2086,0.442522,0.222145
2087,0.444602,0.221106
2088,0.471898,0.208316
2089,0.448026,0.219416
2090,0.444877,0.220969
2091,0.450835,0.218049
2092,0.448416,0.219225
2093,0.449024,0.218928
2094,0.446515,0.220158
2095,0.448582,0.219144
2096,0.446035,0.220395
2097,0.446893,0.219972
2098,0.447328,0.219758
2099,0.450970,0.217984
2100,0.449306,0.218791
2101,0.449491,0.218701
2102,0.448864,0.219006
2103,0.448954,0.218963
2104,0.448070,0.219394
2105,0.451123,0.217909
2106,0.449382,0.218754
2107,0.451302,0.217823
2108,0.449203,0.218841
2109,0.448685,0.219094
2110,0.448813,0.219031
2111,0.450048,0.218430
2112,0.450234,0.218340
2113,0.453984,0.216536
2114,0.456883,0.215162
2115,0.450662,0.218132
2116,0.449869,0.218517
2117,0.456102,0.215531
2118,0.471987,0.208277
2119,0.457894,0.214687
2120,0.457037,0.215090
2121,0.457856,0.214705
2122,0.451712,0.217625
2123,0.459194,0.214080
2124,0.451859,0.217555
2125,0.458995,0.214172
2126,0.455693,0.215724
2127,0.456154,0.215506
2128,0.456000,0.215579
2129,0.452781,0.217112
2130,0.456986,0.215114
2131,0.458278,0.214507
2132,0.452659,0.217170
2133,0.461645,0.212943
2134,0.455027,0.216040
2135,0.456518,0.215334
2136,0.492218,0.199717
2137,0.495494,0.198396
2138,0.466938,0.210529
2139,0.458061,0.214609
2140,0.455142,0.215985
2141,0.455750,0.215697
2142,0.461702,0.212916
2143,0.465421,0.211215
2144,0.454522,0.216280
2145,0.457626,0.214813
2146,0.464627,0.211576
2147,0.455027,0.216040
2148,0.462829,0.212398
2149,0.454752,0.216171
2150,0.454803,0.216146
2151,0.456051,0.215555
2152,0.455142,0.215985
2153,0.471718,0.208396
2154,0.462528,0.212536
2155,0.461062,0.213212
2156,0.456326,0.215425
2157,0.475744,0.206632
2158,0.464346,0.211704
2159,0.464160,0.211789
2160,0.464051,0.211839
2161,0.486637,0.202007
2162,0.472666,0.207978
2163,0.460557,0.213446
2164,0.460096,0.213660
2165,0.461459,0.213029
2166,0.462726,0.212445
2167,0.459763,0.213814
2168,0.463322,0.212172
2169,0.460109,0.213654
2170,0.463853,0.211929
2171,0.467968,0.210066
2172,0.467674,0.210198
2173,0.462835,0.212395
2174,0.461830,0.212857
2175,0.464058,0.211836
2176,0.460397,0.213520
2177,0.467962,0.210069
2178,0.461862,0.212843
2179,0.462406,0.212592
2180,0.463802,0.211953
2181,0.462106,0.212731
2182,0.461542,0.212990
2183,0.462266,0.212657
2184,0.466643,0.210662
2185,0.467597,0.210232
2186,0.463328,0.212169
2187,0.467494,0.210278
2188,0.462630,0.212489
2189,0.462445,0.212575
2190,0.467693,0.210189
2191,0.464154,0.211792
2192,0.467750,0.210163
2193,0.463776,0.211964
2194,0.464915,0.211445
2195,0.468403,0.209870
2196,0.465478,0.211189
2197,0.470118,0.209105
2198,0.466202,0.210862
2199,0.466509,0.210723
2200,0.466304,0.210815
2201,0.465990,0.210957
2202,0.470899,0.208758
2203,0.468960,0.209621
2204,0.467379,0.210330
2205,0.470662,0.208863
2206,0.467981,0.210060
2207,0.467123,0.210446
2208,0.470118,0.209105
2209,0.469242,0.209495
2210,0.467066,0.210471
2211,0.467674,0.210198
2212,0.470643,0.208872
2213,0.475891,0.206568
2214,0.475891,0.206568
2215,0.467917,0.210089
2216,0.472019,0.208263
2217,0.468538,0.209810
2218,0.470970,0.208727
2219,0.471661,0.208421
2220,0.470118,0.209105
2221,0.471501,0.208492
2222,0.471853,0.208336
2223,0.470605,0.208889
2224,0.475104,0.206910
2225,0.478541,0.205424
2226,0.475194,0.206871
2227,0.469498,0.209381
2228,0.474931,0.206986
2229,0.528038,0.186168
2230,0.614458,0.159985
2231,0.560710,0.175320
2232,0.584346,0.168229
2233,0.553696,0.177541
2234,0.597485,0.164530
2235,0.581811,0.168962
2236,0.532966,0.184447
2237,0.517389,0.190000
2238,0.518963,0.189424
2239,0.484589,0.202861
2240,0.483725,0.203223
2241,0.511680,0.192120
2242,0.507795,0.193590
2243,0.489773,0.200713
2244,0.480243,0.204696
2245,0.481453,0.204182
2246,0.480154,0.204734
2247,0.491802,0.199885
2248,0.495405,0.198432
2249,0.491366,0.200063
2250,0.496576,0.197964
2251,0.491213,0.200125
2252,0.489606,0.200782
2253,0.491040,0.200196
2254,0.490112,0.200575
2255,0.490035,0.200606
2256,0.490227,0.200527
2257,0.495181,0.198521
2258,0.492813,0.199475
2259,0.510157,0.192694
2260,0.507290,0.193783
2261,0.512358,0.191866
2262,0.515130,0.190834
2263,0.544870,0.180417
2264,0.517197,0.190071
2265,0.507456,0.193719
2266,0.502176,0.195756
2267,0.507386,0.193746
2268,0.560211,0.175477
2269,0.549286,0.178967
2270,0.634022,0.155048
2271,0.535680,0.183513
2272,0.512742,0.191722
2273,0.489254,0.200926
2274,0.488800,0.201113
2275,0.489331,0.200895
2276,0.488435,0.201263
2277,0.489824,0.200693
2278,0.489402,0.200866
2279,0.489024,0.201021
2280,0.490355,0.200475
2281,0.487469,0.201662
2282,0.491584,0.199974
2283,0.487520,0.201641
2284,0.490970,0.200224
2285,0.489011,0.201026
2286,0.488749,0.201134
2287,0.488787,0.201118
2288,0.488288,0.201324
2289,0.488186,0.201366
2290,0.488589,0.201200
2291,0.489869,0.200674
2292,0.490336,0.200483
2293,0.489971,0.200632
2294,0.491213,0.200125
2295,0.490496,0.200418
2296,0.491731,0.199914
2297,0.489606,0.200782
2298,0.490214,0.200533
2299,0.491878,0.199854
2300,0.491590,0.199971
2301,0.493894,0.199039
2302,0.491149,0.200151
2303,0.490438,0.200441
2304,0.489894,0.200664
2305,0.493971,0.199008
2306,0.490541,0.200399
2307,0.491565,0.199982
2308,0.493306,0.199276
2309,0.496339,0.198058
2310,0.493043,0.199382
2311,0.492320,0.199675
2312,0.497280,0.197683
2313,0.493811,0.199072
2314,0.492608,0.199558
2315,0.494240,0.198899
2316,0.498029,0.197386
2317,0.493299,0.199279
2318,0.493901,0.199036
2319,0.495917,0.198227
2320,0.493818,0.199069
2321,0.496506,0.197992
2322,0.493670,0.199129
2323,0.495475,0.198403
2324,0.495699,0.198314
2325,0.495955,0.198211
2326,0.494624,0.198745
2327,0.495853,0.198252
2328,0.503750,0.195144
2329,0.547584,0.179523
2330,0.510483,0.192570
2331,0.497946,0.197419
2332,0.503552,0.195221
2333,0.497504,0.197594
2334,0.495859,0.198250
2335,0.495475,0.198403
2336,0.533946,0.184109
2337,0.532141,0.184733
2338,0.543994,0.180708
2339,0.521798,0.188395
2340,0.535270,0.183653
2341,0.526227,0.186809
2342,0.528531,0.185995
2343,0.531706,0.184884
2344,0.502202,0.195746
2345,0.498054,0.197376
2346,0.494867,0.198647
2347,0.496787,0.197879
2348,0.494438,0.198820
2349,0.496141,0.198137
2350,0.494797,0.198675
2351,0.495053,0.198573
2352,0.502176,0.195756
2353,0.494157,0.198933
2354,0.494995,0.198596
2355,0.496224,0.198104
2356,0.497683,0.197523
2357,0.495718,0.198306
2358,0.551642,0.178203
2359,0.495475,0.198403
2360,0.509965,0.192766
2361,0.519693,0.189158
2362,0.496794,0.197877
2363,0.498835,0.197067
2364,0.497306,0.197673
2365,0.499552,0.196784
2366,0.515213,0.190803
2367,0.498746,0.197102
2368,0.507565,0.193678
2369,0.497466,0.197610
2370,0.499501,0.196804
2371,0.501933,0.195851
2372,0.497613,0.197551
2373,0.499859,0.196663
2374,0.528166,0.186123
2375,0.535654,0.183521
2376,0.515437,0.190720
2377,0.507085,0.193861
2378,0.557747,0.176252
2379,0.516845,0.190200
2380,0.528192,0.186114
2381,0.509043,0.193115
2382,0.513376,0.191485
2383,0.507674,0.193636
2384,0.508768,0.193220
2385,0.506131,0.194226
2386,0.514912,0.190914
2387,0.532589,0.184578
2388,0.510605,0.192525
2389,0.509523,0.192933
2390,0.507251,0.193797
2391,0.506726,0.193998
2392,0.505606,0.194428
2393,0.504915,0.194694
2394,0.505920,0.194307
2395,0.503923,0.195077
2396,0.503757,0.195142
2397,0.517094,0.190108
2398,0.505760,0.194369
2399,0.511629,0.192139
2400,0.506394,0.194126
2401,0.505581,0.194438
2402,0.510893,0.192416
2403,0.505549,0.194450
2404,0.510266,0.192653
2405,0.505715,0.194386
2406,0.504877,0.194709
2407,0.506995,0.193895
2408,0.504717,0.194771
2409,0.505453,0.194487
2410,0.505843,0.194337
2411,0.506406,0.194121
2412,0.507136,0.193842
2413,0.504736,0.194763
2414,0.509440,0.192965
2415,0.508262,0.193412
2416,0.510278,0.192648
2417,0.535840,0.183458
2418,0.508339,0.193383
2419,0.534669,0.183860
2420,0.517427,0.189986
2421,0.507296,0.193780
2422,0.507469,0.193714
2423,0.509805,0.192827
2424,0.516979,0.190151
2425,0.513274,0.191524
2426,0.511296,0.192264
2427,0.514938,0.190905
2428,0.511290,0.192267
2429,0.511706,0.192110
2430,0.510490,0.192568
2431,0.511360,0.192240
2432,0.510048,0.192735
2433,0.518963,0.189424
2434,0.523021,0.187954
2435,0.519552,0.189209
2436,0.520986,0.188689
2437,0.517376,0.190005
2438,0.518886,0.189452
2439,0.517946,0.189796
2440,0.518598,0.189557
2441,0.521274,0.188584
2442,0.518074,0.189749
2443,0.519955,0.189062
2444,0.518720,0.189513
2445,0.519110,0.189370
2446,0.520160,0.188988
2447,0.518170,0.189714
2448,0.518746,0.189503
2449,0.519034,0.189398
2450,0.518784,0.189489
2451,0.529984,0.185485
2452,0.558342,0.176064
2453,0.517939,0.189798
2454,0.514925,0.190909
2455,0.518106,0.189737
2456,0.514528,0.191057
2457,0.522163,0.188263
2458,0.516083,0.190481
2459,0.516026,0.190502
2460,0.514586,0.191035
2461,0.516826,0.190207
2462,0.519827,0.189109
2463,0.515699,0.190623
2464,0.516006,0.190509
2465,0.517011,0.190139
2466,0.519277,0.189309
2467,0.520038,0.189032
2468,0.517331,0.190021
2469,0.518330,0.189655
2470,0.518547,0.189576
2471,0.517254,0.190050
2472,0.518144,0.189723
2473,0.518669,0.189531
2474,0.517722,0.189878
2475,0.519872,0.189093
2476,0.526125,0.186845
2477,0.522291,0.188217
2478,0.520262,0.188951
2479,0.518784,0.189489
2480,0.521306,0.188573
2481,0.522061,0.188300
2482,0.523795,0.187676
2483,0.520173,0.188983
2484,0.519738,0.189142
2485,0.525158,0.187189
2486,0.523558,0.187761
2487,0.528678,0.185943
2488,0.523130,0.187915
2489,0.522080,0.188293
2490,0.525638,0.187018
2491,0.529350,0.185707
2492,0.521664,0.188443
2493,0.521709,0.188427
2494,0.521459,0.188517
2495,0.522432,0.188166
2496,0.523597,0.187748
2497,0.521805,0.188392
2498,0.521702,0.188429
2499,0.528211,0.186107
2500,0.523507,0.187780
2501,0.523430,0.187807
2502,0.524282,0.187502
2503,0.523584,0.187752
2504,0.527168,0.186476
2505,0.528154,0.186128
2506,0.527962,0.186195
2507,0.526362,0.186761
2508,0.525715,0.186991
2509,0.530163,0.185422
2510,0.525542,0.187052
2511,0.530675,0.185243
2512,0.526291,0.186786
2513,0.531763,0.184864
2514,0.532301,0.184678
2515,0.528160,0.186125
2516,0.533792,0.184162
2517,0.528320,0.186069
2518,0.525664,0.187009
2519,0.526086,0.186859
2520,0.540307,0.181941
2521,0.557786,0.176240
2522,0.535046,0.183730
2523,0.538650,0.182501
2524,0.535622,0.183532
2525,0.571347,0.172056
2526,0.536813,0.183125
2527,0.606323,0.162131
2528,0.550227,0.178661
2529,0.534035,0.184078
2530,0.560134,0.175501
2531,0.544794,0.180443
2532,0.569946,0.172480
2533,0.558490,0.176018
2534,0.540915,0.181736
2535,0.540928,0.181732
2536,0.542419,0.181233
2537,0.538957,0.182397
2538,0.538387,0.182590
2539,0.618054,0.159054
2540,0.539130,0.182338
2541,0.539603,0.182178
2542,0.540602,0.181842
2543,0.540077,0.182019
2544,0.560979,0.175236
2545,0.537453,0.182907
2546,0.539181,0.182321
2547,0.540134,0.181999
2548,0.573152,0.171515
2549,0.538080,0.182694
2550,0.540691,0.181812
2551,0.539904,0.182077
2552,0.540218,0.181971
2553,0.561114,0.175194
2554,0.538304,0.182618
2555,0.541933,0.181395
2556,0.539206,0.182312
2557,0.539635,0.182168
2558,0.539738,0.182133
2559,0.539987,0.182049
2560,0.573613,0.171377
2561,0.581843,0.168953
2562,0.567213,0.173311
2563,0.543949,0.180723
2564,0.546067,0.180022
2565,0.542195,0.181307
2566,0.542445,0.181224
2567,0.550029,0.178725
2568,0.544928,0.180398
2569,0.544045,0.180691
2570,0.545082,0.180347
2571,0.543098,0.181006
2572,0.550950,0.178426
2573,0.543898,0.180740
2574,0.545139,0.180328
2575,0.544934,0.180396
2576,0.545075,0.180349
2577,0.544954,0.180390
2578,0.544800,0.180441
2579,0.592141,0.166015
2580,0.544742,0.180460
2581,0.546150,0.179994
2582,0.543936,0.180727
2583,0.547706,0.179483
2584,0.544531,0.180530
2585,0.546989,0.179718
2586,0.544243,0.180625
2587,0.554195,0.177382
2588,0.544019,0.180699
2589,0.545331,0.180265
2590,0.555603,0.176932
2591,0.560653,0.175338
2592,0.575910,0.170693
2593,0.581440,0.169070
2594,0.567334,0.173273
2595,0.547251,0.179632
2596,0.551219,0.178339
2597,0.552250,0.178006
2598,0.552602,0.177893
2599,0.554675,0.177228
2600,0.556429,0.176670
2601,0.548352,0.179272
2602,0.549011,0.179056
2603,0.549498,0.178898
2604,0.549030,0.179050
2605,0.547885,0.179425
2606,0.552090,0.178058
2607,0.548525,0.179215
2608,0.553056,0.177747
2609,0.549638,0.178852
2610,0.553338,0.177656
2611,0.551014,0.178405
2612,0.548947,0.179077
2613,0.550541,0.178559
2614,0.553318,0.177663
2615,0.550368,0.178615
2616,0.552506,0.177924
2617,0.551968,0.178097
2618,0.552294,0.177992
2619,0.552621,0.177887
2620,0.555462,0.176977
2621,0.555213,0.177056
2622,0.555661,0.176914
2623,0.553984,0.177449
2624,0.552845,0.177815
2625,0.554490,0.177287
2626,0.555622,0.176926
2627,0.554560,0.177265
2628,0.558586,0.175987
2629,0.555264,0.177040
2630,0.556198,0.176743
2631,0.554867,0.177167
2632,0.556896,0.176521
2633,0.553696,0.177541
2634,0.556288,0.176714
2635,0.554797,0.177189
2636,0.554861,0.177169
2637,0.554938,0.177144
2638,0.556013,0.176802
2639,0.556230,0.176733
2640,0.565971,0.173691
2641,0.556672,0.176592
2642,0.556102,0.176773
2643,0.557901,0.176203
2644,0.557645,0.176284
2645,0.558701,0.175951
2646,0.557286,0.176398
2647,0.562067,0.174897
2648,0.558400,0.176046
2649,0.557267,0.176404
2650,0.557907,0.176201
2651,0.557869,0.176213
2652,0.559162,0.175806
2653,0.566182,0.173626
2654,0.562522,0.174756
2655,0.559155,0.175808
2656,0.559059,0.175838
2657,0.560627,0.175346
2658,0.565286,0.173901
2659,0.590579,0.166454
2660,0.559539,0.175687
2661,0.560602,0.175354
2662,0.559725,0.175629
2663,0.562560,0.174744
2664,0.565619,0.173799
2665,0.563686,0.174395
2666,0.561382,0.175111
2667,0.563258,0.174528
2668,0.560896,0.175262
2669,0.561600,0.175043
2670,0.568627,0.172880
2671,0.563437,0.174472
2672,0.562381,0.174800
2673,0.597197,0.164609
2674,0.562650,0.174716
2675,0.564422,0.174167
2676,0.567046,0.173361
2677,0.564166,0.174246
2678,0.564544,0.174130
2679,0.565267,0.173907
2680,0.565005,0.173988
2681,0.565645,0.173791
2682,0.566182,0.173626
2683,0.566285,0.173595
2684,0.566509,0.173526
2685,0.567085,0.173350
2686,0.565325,0.173889
2687,0.565920,0.173707
2688,0.564794,0.174053
2689,0.565850,0.173728
2690,0.565107,0.173956
2691,0.565395,0.173868
2692,0.564794,0.174053
2693,0.567098,0.173346
2694,0.566323,0.173583
2695,0.567712,0.173158
2696,0.567898,0.173102
2697,0.567027,0.173367
2698,0.582029,0.168899
2699,0.572979,0.171566
2700,0.584102,0.168299
2701,0.572966,0.171570
2702,0.578022,0.170070
2703,0.567456,0.173236
2704,0.568928,0.172788
2705,0.573766,0.171331
2706,0.572358,0.171753
2707,0.578931,0.169803
2708,0.569011,0.172763
2709,0.570758,0.172234
2710,0.569530,0.172606
2711,0.570682,0.172257
2712,0.573958,0.171274
2713,0.582970,0.168626
2714,0.604506,0.162619
2715,0.599750,0.163908
2716,0.602330,0.163206
2717,0.602067,0.163277
2718,0.585574,0.167876
2719,0.570266,0.172383
2720,0.567430,0.173244
2721,0.566976,0.173383
2722,0.568710,0.172854
2723,0.566758,0.173450
2724,0.578758,0.169853
2725,0.581862,0.168947
2726,0.575910,0.170693
2727,0.579539,0.169624
2728,0.574330,0.171163
2729,0.575174,0.170912
2730,0.575808,0.170724
2731,0.576928,0.170392
2732,0.578202,0.170017
2733,0.577965,0.170086
2734,0.575354,0.170858
2735,0.576179,0.170614
2736,0.576301,0.170578
2737,0.574598,0.171083
2738,0.576378,0.170555
2739,0.575309,0.170872
2740,0.578208,0.170015
2741,0.575834,0.170716
2742,0.577453,0.170237
2743,0.578509,0.169927
2744,0.576698,0.170460
2745,0.576141,0.170625
2746,0.577562,0.170205
2747,0.579072,0.169761
2748,0.578195,0.170019
2749,0.578624,0.169893
2750,0.578074,0.170054
2751,0.578387,0.169962
2752,0.578202,0.170017
2753,0.578618,0.169895
2754,0.578022,0.170070
2755,0.577952,0.170090
2756,0.580762,0.169267
2757,0.579245,0.169711
2758,0.579546,0.169623
2759,0.584352,0.168227
2760,0.591808,0.166108
2761,0.582240,0.168838
2762,0.591725,0.166131
2763,0.583405,0.168500
2764,0.579610,0.169604
2765,0.584096,0.168301
2766,0.584960,0.168053
2767,0.581939,0.168925
2768,0.581171,0.169148
2769,0.584358,0.168226
2770,0.587232,0.167402
2771,0.581952,0.168921
2772,0.579482,0.169641
2773,0.587002,0.167468
2774,0.583085,0.168593
2775,0.580422,0.169366
2776,0.584128,0.168292
2777,0.581210,0.169137
2778,0.591398,0.166223
2779,0.584902,0.168069
2780,0.582362,0.168802
2781,0.581914,0.168932
2782,0.591194,0.166281
2783,0.582611,0.168730
2784,0.583328,0.168523
2785,0.583654,0.168428
2786,0.592192,0.166000
2787,0.588563,0.167024
2788,0.584429,0.168205
2789,0.590982,0.166340
2790,0.584384,0.168218
2791,0.585325,0.167948
2792,0.601030,0.163559
2793,0.616275,0.159513
2794,0.589728,0.166694
2795,0.587053,0.167453
2796,0.586003,0.167753
2797,0.621139,0.158264
2798,0.621158,0.158259
2799,0.609254,0.161351
2800,0.648282,0.151638
2801,0.622803,0.157841
2802,0.616870,0.159359
2803,0.617869,0.159102
2804,0.624173,0.157495
2805,0.613421,0.160255
2806,0.592544,0.165902
2807,0.583021,0.168611
2808,0.583398,0.168502
2809,0.582970,0.168626
2810,0.583398,0.168502
2811,0.588026,0.167176
2812,0.589146,0.166859
2813,0.583622,0.168438
2814,0.582726,0.168697
2815,0.591418,0.166218
2816,0.590189,0.166564
2817,0.589466,0.166768
2818,0.584973,0.168049
2819,0.584806,0.168097
2820,0.588717,0.166980
2821,0.586266,0.167678
2822,0.585190,0.167986
2823,0.587520,0.167320
2824,0.586630,0.167574
2825,0.593613,0.165603
2826,0.586752,0.167539
2827,0.587085,0.167444
2828,0.595002,0.165216
2829,0.587136,0.167430
2830,0.603642,0.162852
2831,0.595814,0.164991
2832,0.599002,0.164113
2833,0.596045,0.164927
2834,0.599334,0.164022
2835,0.598144,0.164348
2836,0.594611,0.165325
2837,0.597459,0.164537
2838,0.597024,0.164657
2839,0.597485,0.164530
2840,0.599757,0.163906
2841,0.600960,0.163578
2842,0.596230,0.164876
2843,0.596762,0.164729
2844,0.597549,0.164512
2845,0.596102,0.164911
2846,0.597427,0.164546
2847,0.597728,0.164463
2848,0.595302,0.165133
2849,0.598291,0.164308
2850,0.596749,0.164733
2851,0.597395,0.164554
2852,0.598304,0.164304
2853,0.597498,0.164526
2854,0.599430,0.163996
2855,0.598112,0.164357
2856,0.599699,0.163922
2857,0.598950,0.164127
2858,0.599142,0.164075
2859,0.608813,0.161468
2860,0.602323,0.163208
2861,0.599379,0.164010
2862,0.600403,0.163730
2863,0.601798,0.163350
2864,0.612326,0.160542
2865,0.601312,0.163483
2866,0.604134,0.162719
2867,0.606048,0.162205
2868,0.601568,0.163413
2869,0.601254,0.163498
2870,0.611014,0.160887
2871,0.602054,0.163281
2872,0.602547,0.163147
2873,0.621818,0.158091
2874,0.624986,0.157290
2875,0.641203,0.153312
2876,0.646874,0.151968
2877,0.642125,0.153092
2878,0.610566,0.161005
2879,0.602746,0.163094
2880,0.602816,0.163075
2881,0.604090,0.162731
2882,0.638950,0.153852
2883,0.643923,0.152664
2884,0.645709,0.152242
2885,0.644608,0.152502
2886,0.629082,0.156266
2887,0.618854,0.158848
2888,0.646112,0.152147
2889,0.611898,0.160654
2890,0.612506,0.160495
2891,0.621779,0.158101
2892,0.610784,0.160947
2893,0.608448,0.161565
2894,0.608397,0.161579
2895,0.610867,0.160925
2896,0.606912,0.161974
2897,0.612096,0.160602
2898,0.607712,0.161761
2899,0.607744,0.161752
2900,0.607488,0.161820
2901,0.607405,0.161843
2902,0.608902,0.161445
2903,0.609325,0.161333
2904,0.615974,0.159591
2905,0.611565,0.160742
2906,0.614701,0.159922
2907,0.648582,0.151567
2908,0.611386,0.160789
2909,0.609619,0.161255
2910,0.609005,0.161417
2911,0.612749,0.160431
2912,0.611002,0.160890
2913,0.610854,0.160929
2914,0.621421,0.158192
2915,0.611725,0.160700
2916,0.609504,0.161285
2917,0.613888,0.160133
2918,0.609600,0.161260
2919,0.608922,0.161440
2920,0.621824,0.158090
2921,0.663430,0.148175
2922,0.647360,0.151854
2923,0.646387,0.152082
2924,0.680077,0.144548
2925,0.628986,0.156290
2926,0.615130,0.159810
2927,0.613178,0.160319
2928,0.607974,0.161691
2929,0.621370,0.158205
2930,0.605466,0.162361
2931,0.605747,0.162286
2932,0.614451,0.159987
2933,0.631046,0.155779
2934,0.612403,0.160522
2935,0.607763,0.161747
2936,0.610291,0.161077
2937,0.606227,0.162157
2938,0.611622,0.160727
2939,0.610912,0.160914
2940,0.610854,0.160929
2941,0.610515,0.161018
2942,0.607898,0.161711
2943,0.607520,0.161812
2944,0.629773,0.156094
2945,0.644691,0.152482
2946,0.609818,0.161202
2947,0.608909,0.161443
2948,0.611680,0.160711
2949,0.608326,0.161597
2950,0.610157,0.161113
2951,0.608717,0.161494
2952,0.611590,0.160735
2953,0.610138,0.161118
2954,0.617024,0.159320
2955,0.612160,0.160585
2956,0.613542,0.160224
2957,0.627347,0.156698
2958,0.628064,0.156519
2959,0.616026,0.159578
2960,0.614003,0.160103
2961,0.610899,0.160917
2962,0.612013,0.160624
2963,0.616653,0.159415
2964,0.613350,0.160274
2965,0.619923,0.158574
2966,0.620589,0.158404
2967,0.622803,0.157841
2968,0.612672,0.160451
2969,0.611642,0.160722
2970,0.613242,0.160302
2971,0.618688,0.158891
2972,0.623168,0.157749
2973,0.613638,0.160199
2974,0.613235,0.160304
2975,0.613626,0.160202
2976,0.614470,0.159982
2977,0.617114,0.159296
2978,0.615002,0.159843
2979,0.615270,0.159774
2980,0.615296,0.159767
2981,0.619706,0.158630
2982,0.617306,0.159247
2983,0.616205,0.159531
2984,0.621030,0.158292
2985,0.620147,0.158517
2986,0.623526,0.157658
2987,0.616154,0.159545
2988,0.621530,0.158165
2989,0.617350,0.159235
2990,0.618118,0.159037
2991,0.616922,0.159346
2992,0.618810,0.158860
2993,0.621146,0.158262
2994,0.622438,0.157934
2995,0.616909,0.159349
2996,0.617376,0.159229
2997,0.621338,0.158214
2998,0.617478,0.159202
2999,0.621056,0.158285
3000,0.624467,0.157421
3001,0.618662,0.158898
3002,0.617856,0.159105
3003,0.629805,0.156086
3004,0.619846,0.158594
3005,0.624915,0.157308
3006,0.619546,0.158671
3007,0.622944,0.157806
3008,0.619936,0.158571
3009,0.620518,0.158422
3010,0.620224,0.158498
3011,0.622752,0.157854
3012,0.626560,0.156895
3013,0.624602,0.157387
3014,0.621638,0.158137
3015,0.622176,0.158000
3016,0.632019,0.155540
3017,0.622893,0.157818
3018,0.625990,0.157038
3019,0.626234,0.156977
3020,0.628832,0.156328
3021,0.622573,0.157900
3022,0.626368,0.156943
3023,0.622822,0.157836
3024,0.628448,0.156423
3025,0.623622,0.157634
3026,0.625914,0.157057
3027,0.624250,0.157475
3028,0.623277,0.157721
3029,0.624640,0.157377
3030,0.625280,0.157216
3031,0.625728,0.157103
3032,0.625939,0.157050
3033,0.630573,0.155896
3034,0.625408,0.157184
3035,0.630368,0.155947
3036,0.627526,0.156653
3037,0.628314,0.156457
3038,0.631565,0.155651
3039,0.629210,0.156234
3040,0.626912,0.156807
3041,0.625760,0.157095
3042,0.630022,0.156033
3043,0.628211,0.156482
3044,0.630963,0.155800
3045,0.626310,0.156957
3046,0.629670,0.156120
3047,0.640582,0.153460
3048,0.636269,0.154501
3049,0.635872,0.154597
3050,0.635725,0.154633
3051,0.636250,0.154505
3052,0.650522,0.151116
3053,0.670867,0.146533
3054,0.673747,0.145906
3055,0.709498,0.138554
3056,0.696717,0.141096
3057,0.674816,0.145675
3058,0.692902,0.141873
3059,0.723302,0.135910
3060,0.641254,0.153300
3061,0.634861,0.154843
3062,0.632858,0.155334
3063,0.649472,0.151360
3064,0.632384,0.155450
3065,0.632506,0.155420
3066,0.650291,0.151169
3067,0.640909,0.153382
3068,0.632896,0.155324
3069,0.631354,0.155704
3070,0.639526,0.153714
3071,0.679104,0.144755
3072,0.676442,0.145325
3073,0.675546,0.145518
3074,0.636966,0.154332
3075,0.658643,0.149252
3076,0.633677,0.155133
3077,0.639949,0.153612
3078,0.638125,0.154051
3079,0.636934,0.154339
3080,0.636595,0.154422
3081,0.643718,0.152713
3082,0.650464,0.151129
3083,0.656256,0.149795
3084,0.641837,0.153160
3085,0.637274,0.154257
3086,0.636243,0.154507
3087,0.636563,0.154429
3088,0.636250,0.154505
3089,0.636717,0.154392
3090,0.635469,0.154695
3091,0.648819,0.151512
3092,0.642176,0.153080
3093,0.637600,0.154178
3094,0.635418,0.154708
3095,0.641293,0.153290
3096,0.639552,0.153708
3097,0.638861,0.153874
3098,0.637549,0.154191
3099,0.639795,0.153649
3100,0.638368,0.153993
3101,0.637907,0.154104
3102,0.641293,0.153290
3103,0.642144,0.153087
3104,0.640346,0.153517
3105,0.637670,0.154161
3106,0.639232,0.153785
3107,0.639098,0.153817
3108,0.640736,0.153424
3109,0.637574,0.154184
3110,0.642950,0.152895
3111,0.646688,0.152011
3112,0.675386,0.145552
3113,0.669690,0.146790
3114,0.642022,0.153116
3115,0.645229,0.152355
3116,0.645216,0.152358
3117,0.641350,0.153277
3118,0.641856,0.153156
3119,0.641485,0.153244
3120,0.644480,0.152532
3121,0.640986,0.153364
3122,0.641312,0.153286
3123,0.644365,0.152560
3124,0.641165,0.153321
3125,0.641062,0.153345
3126,0.640691,0.153434
3127,0.642349,0.153038
3128,0.641754,0.153180
3129,0.642995,0.152884
3130,0.642694,0.152956
3131,0.646848,0.151974
3132,0.643162,0.152845
3133,0.643258,0.152822
3134,0.647021,0.151933
3135,0.653971,0.150319
3136,0.644179,0.152603
3137,0.645594,0.152269
3138,0.649043,0.151460
3139,0.648563,0.151572
3140,0.645363,0.152324
3141,0.644864,0.152441
3142,0.651469,0.150896
3143,0.646074,0.152156
3144,0.646630,0.152025
3145,0.649670,0.151314
3146,0.645414,0.152311
3147,0.650899,0.151028
3148,0.646829,0.151978
3149,0.656525,0.149734
3150,0.645600,0.152268
3151,0.651277,0.150940
3152,0.646675,0.152014
3153,0.646906,0.151960
3154,0.646739,0.151999
3155,0.650163,0.151199
3156,0.646918,0.151957
3157,0.649133,0.151439
3158,0.647776,0.151756
3159,0.649754,0.151294
3160,0.649376,0.151382
3161,0.647130,0.151908
3162,0.651968,0.150780
3163,0.649901,0.151260
3164,0.650528,0.151114
3165,0.650426,0.151138
3166,0.650515,0.151117
3167,0.651923,0.150791
3168,0.649030,0.151463
3169,0.698426,0.140751
3170,0.655302,0.150013
3171,0.649485,0.151357
3172,0.650784,0.151055
3173,0.676333,0.145349
3174,0.654938,0.150097
3175,0.653651,0.150392
3176,0.658810,0.149215
3177,0.671098,0.146482
3178,0.649594,0.151332
3179,0.650803,0.151050
3180,0.668045,0.147152
3181,0.654195,0.150267
3182,0.663424,0.148177
3183,0.659213,0.149123
3184,0.654176,0.150271
3185,0.670675,0.146575
3186,0.652538,0.150649
3187,0.654797,0.150129
3188,0.651802,0.150819
3189,0.653933,0.150327
3190,0.653958,0.150321
3191,0.655750,0.149911
3192,0.653395,0.150451
3193,0.659034,0.149164
3194,0.654131,0.150282
3195,0.708186,0.138811
3196,0.691949,0.142068
3197,0.699219,0.140591
3198,0.703834,0.139669
3199,0.701555,0.140123
3200,0.690182,0.142432
3201,0.700832,0.140268
3202,0.673946,0.145863
3203,0.671066,0.146489
3204,0.683859,0.143749
3205,0.690707,0.142324
3206,0.665901,0.147626
3207,0.663437,0.148174
3208,0.666554,0.147481
3209,0.664794,0.147871
3210,0.662829,0.148310
3211,0.664269,0.147988
3212,0.664730,0.147886
3213,0.664602,0.147914
3214,0.670842,0.146538
3215,0.663296,0.148205
3216,0.663462,0.148168
3217,0.669114,0.146917
3218,0.668282,0.147100
3219,0.664979,0.147830
3220,0.664045,0.148038
3221,0.670470,0.146619
3222,0.665696,0.147671
3223,0.665606,0.147691
3224,0.665280,0.147763
3225,0.670502,0.146612
3226,0.665696,0.147671
3227,0.664813,0.147867
3228,0.665664,0.147678
3229,0.666426,0.147509
3230,0.665594,0.147694
3231,0.666342,0.147528
3232,0.665363,0.147745
3233,0.666976,0.147388
3234,0.666925,0.147399
3235,0.667283,0.147320
3236,0.666310,0.147535
3237,0.672614,0.146152
3238,0.669434,0.146847
3239,0.667091,0.147362
3240,0.666995,0.147383
3241,0.669357,0.146863
3242,0.668218,0.147114
3243,0.668774,0.146991
3244,0.671462,0.146403
3245,0.668064,0.147148
3246,0.668890,0.146966
3247,0.668947,0.146953
3248,0.668109,0.147138
3249,0.669498,0.146832
3250,0.669152,0.146908
3251,0.678880,0.144803
3252,0.668890,0.146966
3253,0.672896,0.146091
3254,0.674349,0.145776
3255,0.672262,0.146229
3256,0.672410,0.146197
3257,0.669702,0.146788
3258,0.668442,0.147064
3259,0.675008,0.145634
3260,0.676877,0.145232
3261,0.670752,0.146558
3262,0.680608,0.144436
3263,0.675450,0.145539
3264,0.673318,0.145999
3265,0.671744,0.146341
3266,0.671341,0.146429
3267,0.671123,0.146477
3268,0.671392,0.146418
3269,0.672173,0.146248
3270,0.671072,0.146488
3271,0.677606,0.145075
3272,0.673011,0.146066
3273,0.674835,0.145671
3274,0.672224,0.146237
3275,0.674490,0.145746
3276,0.678240,0.144940
3277,0.681549,0.144236
3278,0.674048,0.145841
3279,0.673018,0.146065
3280,0.673325,0.145998
3281,0.676442,0.145325
3282,0.676973,0.145211
3283,0.673363,0.145990
3284,0.683002,0.143929
3285,0.674624,0.145717
3286,0.674157,0.145818
3287,0.676294,0.145357
3288,0.725043,0.135584
3289,0.709638,0.138527
3290,0.703405,0.139755
3291,0.707898,0.138868
3292,0.702490,0.139937
3293,0.704819,0.139474
3294,0.693888,0.141671
3295,0.724051,0.135769
3296,0.704954,0.139447
3297,0.784544,0.125301
3298,0.812179,0.121037
3299,0.782330,0.125655
3300,0.712813,0.137910
3301,0.721997,0.136156
3302,0.707238,0.138997
3303,0.711194,0.138224
3304,0.713606,0.137757
3305,0.712563,0.137958
3306,0.733542,0.134013
3307,0.713530,0.137771
3308,0.714253,0.137632
3309,0.713779,0.137723
3310,0.727437,0.135137
3311,0.706688,0.139105
3312,0.713773,0.137725
3313,0.706285,0.139185
3314,0.707162,0.139012
3315,0.713875,0.137705
3316,0.703981,0.139640
3317,0.686650,0.143165
3318,0.736224,0.133525
3319,0.723840,0.135809
3320,0.725600,0.135480
3321,0.742394,0.132415
3322,0.722656,0.136032
3323,0.722195,0.136118
3324,0.721568,0.136237
3325,0.723309,0.135909
3326,0.697376,0.140963
3327,0.674886,0.145660
3328,0.680218,0.144518
3329,0.678470,0.144891
3330,0.676102,0.145398
3331,0.678586,0.144866
3332,0.678496,0.144885
3333,0.681491,0.144248
3334,0.676544,0.145303
3335,0.676045,0.145410
3336,0.678336,0.144919
3337,0.689568,0.142559
3338,0.675616,0.145503
3339,0.675994,0.145422
3340,0.677018,0.145202
3341,0.686790,0.143135
3342,0.674995,0.145637
3343,0.676102,0.145398
3344,0.677152,0.145173
3345,0.677926,0.145007
3346,0.676307,0.145354
3347,0.676525,0.145307
3348,0.684250,0.143667
3349,0.686413,0.143214
3350,0.682118,0.144116
3351,0.678086,0.144973
3352,0.679360,0.144701
3353,0.682650,0.144004
3354,0.682938,0.143943
3355,0.678259,0.144936
3356,0.683360,0.143854
3357,0.682458,0.144044
3358,0.681242,0.144301
3359,0.682355,0.144066
3360,0.682374,0.144062
3361,0.682835,0.143964
3362,0.680762,0.144403
3363,0.680544,0.144449
3364,0.679661,0.144637
3365,0.683482,0.143828
3366,0.681005,0.144351
3367,0.683917,0.143737
3368,0.681747,0.144194
3369,0.680877,0.144379
3370,0.680141,0.144535
3371,0.680787,0.144398
3372,0.679648,0.144640
3373,0.682618,0.144010
3374,0.680461,0.144467
3375,0.682816,0.143969
3376,0.681574,0.144231
3377,0.686650,0.143165
3378,0.694400,0.141567
3379,0.686010,0.143298
3380,0.686963,0.143099
3381,0.681702,0.144204
3382,0.689907,0.142489
3383,0.681114,0.144328
3384,0.686874,0.143118
3385,0.682317,0.144074
3386,0.683277,0.143871
3387,0.684493,0.143616
3388,0.683194,0.143889
3389,0.683693,0.143784
3390,0.684262,0.143664
3391,0.682778,0.143977
3392,0.686822,0.143129
3393,0.682515,0.144032
3394,0.687546,0.142978
3395,0.690950,0.142274
3396,0.722022,0.136151
3397,0.720301,0.136476
3398,0.699789,0.140477
3399,0.687155,0.143059
3400,0.687514,0.142985
3401,0.684256,0.143666
3402,0.701741,0.140086
3403,0.746938,0.131609
3404,0.724570,0.135672
3405,0.722080,0.136140
3406,0.744307,0.132074
3407,0.730093,0.134646
3408,0.716525,0.137196
3409,0.750406,0.131001
3410,0.755712,0.130081
3411,0.697958,0.140845
3412,0.736826,0.133416
3413,0.708371,0.138775
3414,0.759123,0.129497
3415,0.746682,0.131655
3416,0.729075,0.134834
3417,0.708454,0.138758
3418,0.701875,0.140059
3419,0.735411,0.133672
3420,0.741286,0.132613
3421,0.739245,0.132979
3422,0.725606,0.135478
3423,0.741190,0.132630
3424,0.730528,0.134566
3425,0.734803,0.133783
3426,0.730970,0.134484
3427,0.731315,0.134421
3428,0.733696,0.133985
3429,0.751430,0.130822
3430,0.728307,0.134976
3431,0.729453,0.134764
3432,0.713229,0.137830
3433,0.718758,0.136769
3434,0.749293,0.131196
3435,0.748435,0.131346
3436,0.725094,0.135574
3437,0.742246,0.132441
3438,0.735930,0.133578
3439,0.739482,0.132936
3440,0.823603,0.119358
3441,0.743187,0.132274
3442,0.706726,0.139098
3443,0.705261,0.139387
3444,0.695072,0.141430
3445,0.695206,0.141403
3446,0.694650,0.141516
3447,0.693459,0.141759
3448,0.698893,0.140657
3449,0.697261,0.140986
3450,0.693018,0.141849
3451,0.698381,0.140760
3452,0.696154,0.141210
3453,0.691616,0.142137
3454,0.692563,0.141942
3455,0.692518,0.141951
3456,0.698976,0.140640
3457,0.696806,0.141078
3458,0.693216,0.141809
3459,0.696403,0.141160
3460,0.694387,0.141569
3461,0.698317,0.140773
3462,0.698227,0.140791
3463,0.693702,0.141709
3464,0.693114,0.141830
3465,0.698342,0.140768
3466,0.704352,0.139567
3467,0.694912,0.141463
3468,0.694899,0.141465
3469,0.693293,0.141793
3470,0.694918,0.141461
3471,0.696467,0.141147
3472,0.693414,0.141768
3473,0.699597,0.140515
3474,0.700653,0.140303
3475,0.698624,0.140711
3476,0.695027,0.141439
3477,0.694976,0.141449
3478,0.694138,0.141620
3479,0.694566,0.141533
3480,0.695456,0.141352
3481,0.694861,0.141473
3482,0.698176,0.140801
3483,0.695418,0.141360
3484,0.696832,0.141073
3485,0.697184,0.141002
3486,0.695731,0.141296
3487,0.696301,0.141180
3488,0.704435,0.139550
3489,0.702560,0.139923
3490,0.697971,0.140842
3491,0.700896,0.140255
3492,0.697670,0.140903
3493,0.698579,0.140720
3494,0.699981,0.140438
3495,0.696698,0.141100
3496,0.698349,0.140766
3497,0.698611,0.140713
3498,0.697197,0.140999
3499,0.697235,0.140991
3500,0.697850,0.140867
3501,0.698579,0.140720
3502,0.696800,0.141079
3503,0.699744,0.140486
3504,0.698035,0.140830
3505,0.699680,0.140499
3506,0.697734,0.140890
3507,0.699936,0.140447
3508,0.698118,0.140813
3509,0.702688,0.139897
3510,0.699578,0.140519
3511,0.706957,0.139052
3512,0.702547,0.139925
3513,0.700166,0.140401
3514,0.702221,0.139990
3515,0.699290,0.140577
3516,0.727526,0.135121
3517,0.722758,0.136012
3518,0.712858,0.137901
3519,0.721344,0.136279
3520,0.714374,0.137609
3521,0.724230,0.135736
3522,0.718880,0.136746
3523,0.820659,0.119787
3524,0.739270,0.132974
3525,0.747078,0.131585
3526,0.744506,0.132039
3527,0.732909,0.134129
3528,0.701798,0.140074
3529,0.702016,0.140031
3530,0.708845,0.138682
3531,0.736813,0.133418
3532,0.711213,0.138220
3533,0.701178,0.140198
3534,0.733926,0.133943
3535,0.705261,0.139387
3536,0.703686,0.139699
3537,0.701754,0.140083
3538,0.763187,0.128807
3539,0.748947,0.131256
3540,0.772365,0.127277
3541,0.747917,0.131437
3542,0.758298,0.129638
3543,0.770669,0.127557
3544,0.803520,0.122342
3545,0.784058,0.125379
3546,0.757619,0.129754
3547,0.762618,0.128903
3548,0.750086,0.131057
3549,0.772269,0.127292
3550,0.776659,0.126573
3551,0.786637,0.124967
3552,0.757434,0.129786
3553,0.738784,0.133062
3554,0.754208,0.130341
3555,0.756992,0.129861
3556,0.747923,0.131436
3557,0.749126,0.131225
3558,0.754413,0.130305
3559,0.744915,0.131967
3560,0.759059,0.129508
3561,0.763392,0.128773
3562,0.747840,0.131451
3563,0.748378,0.131356
3564,0.705786,0.139283
3565,0.704723,0.139493
3566,0.706278,0.139186
3567,0.705971,0.139246
3568,0.704518,0.139534
3569,0.705869,0.139267
3570,0.705882,0.139264
3571,0.718259,0.136864
3572,0.708672,0.138716
3573,0.708211,0.138806
3574,0.704768,0.139484
3575,0.717920,0.136929
3576,0.713453,0.137786
3577,0.707738,0.138899
3578,0.706298,0.139182
3579,0.708902,0.138671
3580,0.709139,0.138624
3581,0.713824,0.137715
3582,0.713888,0.137702
3583,0.714790,0.137528
3584,0.707981,0.138851
3585,0.710637,0.138332
3586,0.706490,0.139144
3587,0.708141,0.138820
3588,0.712979,0.137878
3589,0.707494,0.138947
3590,0.707750,0.138896
3591,0.710586,0.138342
3592,0.717568,0.136996
3593,0.708122,0.138824
3594,0.709216,0.138609
3595,0.709798,0.138496
3596,0.713850,0.137710
3597,0.712288,0.138012
3598,0.709651,0.138524
3599,0.709638,0.138527
3600,0.712474,0.137976
3601,0.734298,0.133875
3602,0.708704,0.138710
3603,0.709888,0.138478
3604,0.708826,0.138686
3605,0.712582,0.137955
3606,0.707955,0.138856
3607,0.710227,0.138412
3608,0.709331,0.138587
3609,0.715923,0.137311
3610,0.708781,0.138695
3611,0.710547,0.138350
3612,0.708934,0.138664
3613,0.710157,0.138426
3614,0.710355,0.138387
3615,0.715462,0.137399
3616,0.721229,0.136301
3617,0.709766,0.138502
3618,0.713274,0.137821
3619,0.714317,0.137620
3620,0.713478,0.137781
3621,0.710323,0.138393
3622,0.710592,0.138341
3623,0.710746,0.138311
3624,0.712538,0.137963
3625,0.712544,0.137962
3626,0.712461,0.137978
3627,0.732736,0.134160
3628,0.786662,0.124963
3629,0.760205,0.129313
3630,0.753965,0.130383
3631,0.769203,0.127800
3632,0.761005,0.129177
3633,0.755347,0.130144
3634,0.750125,0.131050
3635,0.757030,0.129855
3636,0.759942,0.129357
3637,0.772186,0.127306
3638,0.770419,0.127598
3639,0.769261,0.127790
3640,0.769811,0.127699
3641,0.823174,0.119421
3642,0.783578,0.125455
3643,0.758093,0.129673
3644,0.769011,0.127832
3645,0.766176,0.128305
3646,0.770938,0.127512
3647,0.757389,0.129793
3648,0.769248,0.127792
3649,0.838042,0.117302
3650,0.792762,0.124002
3651,0.738771,0.133064
3652,0.712800,0.137912
3653,0.711334,0.138197
3654,0.715034,0.137482
3655,0.744858,0.131977
3656,0.753005,0.130549
3657,0.806374,0.121909
3658,0.798816,0.123062
3659,0.800627,0.122784
3660,0.761043,0.129170
3661,0.717286,0.137050
3662,0.714573,0.137570
3663,0.716096,0.137278
3664,0.714106,0.137660
3665,0.713638,0.137750
3666,0.716608,0.137180
3667,0.717069,0.137091
3668,0.717709,0.136969
3669,0.720160,0.136503
3670,0.718515,0.136815
3671,0.717165,0.137073
3672,0.717440,0.137021
3673,0.723322,0.135906
3674,0.718010,0.136912
3675,0.715853,0.137324
3676,0.716813,0.137140
3677,0.718342,0.136848
3678,0.739878,0.132865
3679,0.715398,0.137412
3680,0.715680,0.137357
3681,0.718330,0.136851
3682,0.717472,0.137014
3683,0.715853,0.137324
3684,0.719123,0.136700
3685,0.715181,0.137453
3686,0.716877,0.137128
3687,0.716518,0.137197
3688,0.715962,0.137303
3689,0.730234,0.134620
3690,0.717933,0.136926
3691,0.717152,0.137076
3692,0.715878,0.137319
3693,0.718163,0.136883
3694,0.717120,0.137082
3695,0.718822,0.136757
3696,0.718752,0.136770
3697,0.717357,0.137036
3698,0.717971,0.136919
3699,0.718592,0.136801
3700,0.716435,0.137213
3701,0.719053,0.136713
3702,0.717574,0.136995
3703,0.718746,0.136772
3704,0.722938,0.135979
3705,0.722157,0.136126
3706,0.717696,0.136972
3707,0.718189,0.136878
3708,0.718003,0.136913
3709,0.722163,0.136124
3710,0.722432,0.136074
3711,0.721306,0.136286
3712,0.729978,0.134667
3713,0.719770,0.136577
3714,0.718138,0.136887
3715,0.718189,0.136878
3716,0.721088,0.136327
3717,0.722810,0.136003
3718,0.719091,0.136706
3719,0.724698,0.135648
3720,0.720134,0.136508
3721,0.718854,0.136751
3722,0.720160,0.136503
3723,0.722150,0.136127
3724,0.718976,0.136728
3725,0.719514,0.136626
3726,0.722074,0.136141
3727,0.727379,0.135148
3728,0.717619,0.136986
3729,0.720621,0.136416
3730,0.718240,0.136868
3731,0.736902,0.133402
3732,0.773344,0.127115
3733,0.799328,0.122983
3734,0.754643,0.130266
3735,0.725523,0.135494
3736,0.719763,0.136578
3737,0.769587,0.127736
3738,0.758669,0.129574
3739,0.747949,0.131431
3740,0.743910,0.132145
3741,0.859706,0.114346
3742,0.830502,0.118367
3743,0.766054,0.128325
3744,0.781485,0.125791
3745,0.769722,0.127714
3746,0.771808,0.127368
3747,0.802490,0.122499
3748,0.782688,0.125598
3749,0.783642,0.125445
3750,0.772186,0.127306
3751,0.769338,0.127777
3752,0.768742,0.127876
3753,0.772205,0.127303
3754,0.774272,0.126963
3755,0.766989,0.128169
3756,0.768179,0.127970
3757,0.777581,0.126423
3758,0.768979,0.127837
3759,0.771110,0.127484
3760,0.760307,0.129295
3761,0.991552,0.099142
3762,0.787750,0.124791
3763,0.795194,0.123623
3764,0.766522,0.128247
3765,0.769139,0.127810
3766,0.757715,0.129737
3767,0.758381,0.129624
3768,0.765120,0.128482
3769,0.776762,0.126556
3770,0.796608,0.123403
3771,0.773408,0.127105
3772,0.777843,0.126380
3773,0.767744,0.128043
3774,0.752403,0.130653
3775,0.757837,0.129717
3776,0.728742,0.134895
3777,0.725920,0.135420
3778,0.724717,0.135645
3779,0.724019,0.135775
3780,0.723443,0.135884
3781,0.723782,0.135820
3782,0.723290,0.135912
3783,0.724019,0.135775
3784,0.725453,0.135507
3785,0.724109,0.135759
3786,0.725843,0.135434
3787,0.725222,0.135550
3788,0.722022,0.136151
3789,0.724070,0.135766
3790,0.727053,0.135209
3791,0.725734,0.135455
3792,0.724717,0.135645
3793,0.725331,0.135530
3794,0.725805,0.135441
3795,0.728698,0.134904
3796,0.724435,0.135697
3797,0.726278,0.135353
3798,0.733453,0.134029
3799,0.731341,0.134416
3800,0.725459,0.135506
3801,0.724838,0.135622
3802,0.730630,0.134547
3803,0.728147,0.135006
3804,0.725741,0.135453
3805,0.725504,0.135498
3806,0.724646,0.135658
3807,0.724819,0.135626
3808,0.726099,0.135386
3809,0.726394,0.135332
3810,0.725875,0.135428
3811,0.724890,0.135612
3812,0.725408,0.135515
3813,0.726150,0.135377
3814,0.725926,0.135419
3815,0.724992,0.135593
3816,0.726214,0.135365
3817,0.725510,0.135496
3818,0.728640,0.134914
3819,0.736915,0.133399
3820,0.733734,0.133978
3821,0.727066,0.135207
3822,0.727616,0.135104
3823,0.730490,0.134573
3824,0.740602,0.132735
3825,0.731514,0.134384
3826,0.733504,0.134020
3827,0.740486,0.132756
3828,0.727091,0.135202
3829,0.728730,0.134898
3830,0.733370,0.134044
3831,0.727622,0.135103
3832,0.726950,0.135228
3833,0.727398,0.135145
3834,0.727859,0.135059
3835,0.727206,0.135180
3836,0.729210,0.134809
3837,0.726938,0.135230
3838,0.728499,0.134940
3839,0.730400,0.134589
3840,0.727757,0.135078
3841,0.726886,0.135240
3842,0.730400,0.134589
3843,0.726413,0.135328
3844,0.727725,0.135084
3845,0.764787,0.128538
3846,0.866349,0.113469
3847,0.762778,0.128876
3848,0.763578,0.128741
3849,0.726720,0.135271
3850,0.727437,0.135137
3851,0.732333,0.134234
3852,0.775539,0.126756
3853,0.764512,0.128584
3854,0.768525,0.127913
3855,0.789734,0.124477
3856,0.751827,0.130753
3857,0.731725,0.134346
3858,0.728531,0.134935
3859,0.773811,0.127039
3860,0.782880,0.125567
3861,0.778669,0.126246
3862,0.771283,0.127455
3863,0.776122,0.126661
3864,0.777472,0.126441
3865,0.763264,0.128794
3866,0.756230,0.129992
3867,0.735770,0.133607
3868,0.742368,0.132419
3869,0.802074,0.122562
3870,0.796160,0.123473
3871,0.809798,0.121393
3872,0.765107,0.128484
3873,0.783226,0.125512
3874,0.774227,0.126970
3875,0.798624,0.123092
3876,0.759462,0.129439
3877,0.733056,0.134102
3878,0.773606,0.127072
3879,0.748013,0.131420
3880,0.770253,0.127626
3881,0.763738,0.128714
3882,0.778502,0.126273
3883,0.748006,0.131421
3884,0.760211,0.129311
3885,0.734778,0.133787
3886,0.734746,0.133793
3887,0.733901,0.133947
3888,0.732480,0.134207
3889,0.732493,0.134205
3890,0.733114,0.134091
3891,0.733690,0.133986
3892,0.731834,0.134326
3893,0.729754,0.134708
3894,0.732077,0.134281
3895,0.733702,0.133983
3896,0.731450,0.134396
3897,0.730150,0.134635
3898,0.730214,0.134623
3899,0.733798,0.133966
3900,0.733978,0.133933
3901,0.732621,0.134181
3902,0.731238,0.134435
3903,0.731494,0.134388
3904,0.728704,0.134903
3905,0.734534,0.133832
3906,0.731482,0.134390
3907,0.730810,0.134514
3908,0.733222,0.134071
3909,0.795398,0.123591
3910,0.772314,0.127285
3911,0.766483,0.128253
3912,0.777952,0.126363
3913,0.748544,0.131327
3914,0.731360,0.134413
3915,0.732544,0.134195
3916,0.731398,0.134406
3917,0.736422,0.133489
3918,0.731142,0.134453
3919,0.730285,0.134610
3920,0.730438,0.134582
3921,0.730925,0.134493
3922,0.730118,0.134641
3923,0.731347,0.134415
3924,0.731904,0.134313
3925,0.734573,0.133825
3926,0.735315,0.133690
3927,0.735846,0.133593
3928,0.737613,0.133273
3929,0.734931,0.133759
3930,0.731219,0.134438
3931,0.741882,0.132506
3932,0.762867,0.128861
3933,0.733779,0.133969
3934,0.733670,0.133989
3935,0.735078,0.133733
3936,0.732147,0.134268
3937,0.731533,0.134381
3938,0.734579,0.133824
3939,0.741267,0.132616
3940,0.732013,0.134293
3941,0.730605,0.134552
3942,0.735168,0.133716
3943,0.732870,0.134136
3944,0.731322,0.134420
3945,0.742586,0.132381
3946,0.734496,0.133839
3947,0.732448,0.134213
3948,0.732179,0.134262
3949,0.736019,0.133562
3950,0.733427,0.134034
3951,0.733171,0.134081
3952,0.731475,0.134391
3953,0.741638,0.132550
3954,0.985427,0.099758
3955,0.837830,0.117332
3956,0.897696,0.109507
3957,0.797837,0.123213
3958,0.795770,0.123533
3959,0.821485,0.119666
3960,0.781235,0.125831
3961,0.788339,0.124698
3962,0.769536,0.127745
3963,0.814182,0.120740
3964,0.774003,0.127007
3965,0.792544,0.124036
3966,0.778394,0.126291
3967,0.846125,0.116181
3968,0.778714,0.126239
3969,0.839315,0.117124
3970,0.778912,0.126207
3971,0.790061,0.124426
3972,0.791859,0.124143
3973,0.796480,0.123423
3974,0.792883,0.123983
3975,0.771776,0.127374
3976,0.816435,0.120406
3977,1.677510,0.058601
3978,0.790253,0.124396
3979,0.772998,0.127172
3980,0.877363,0.112045
3981,0.796186,0.123469
3982,0.779827,0.126059
3983,0.770195,0.127635
3984,0.784454,0.125315
3985,0.769440,0.127760
3986,0.760749,0.129220
3987,0.762893,0.128857
3988,0.769830,0.127696
3989,0.744422,0.132054
3990,0.790291,0.124390
3991,0.792653,0.124019
3992,0.792000,0.124121
3993,0.800870,0.122746
3994,0.771309,0.127451
3995,0.786522,0.124986
3996,0.794579,0.123718
3997,0.828262,0.118687
3998,0.819533,0.119951
3999,0.803725,0.122311
4000,0.781478,0.125792
4001,0.782304,0.125660
4002,0.785536,0.125143
4003,0.785318,0.125177
4004,0.772563,0.127244
4005,0.785779,0.125104
4006,0.784358,0.125330
4007,0.789056,0.124584
4008,0.772864,0.127194
4009,0.763757,0.128711
4010,0.740275,0.132794
4011,0.740352,0.132780
4012,0.737139,0.133359
4013,0.738182,0.133170
4014,0.738784,0.133062
4015,0.746176,0.131744
4016,0.736966,0.133390
4017,0.739590,0.132917
4018,0.736704,0.133438
4019,0.737267,0.133336
4020,0.736678,0.133442
4021,0.739008,0.133022
4022,0.736877,0.133406
4023,0.737306,0.133329
4024,0.737818,0.133236
4025,0.740800,0.132700
4026,0.737830,0.133234
4027,0.737984,0.133206
4028,0.739072,0.133010
4029,0.737037,0.133377
4030,0.736198,0.133529
4031,0.735558,0.133645
4032,0.738861,0.133048
4033,0.741709,0.132537
4034,0.738394,0.133132
4035,0.740512,0.132751
4036,0.740634,0.132730
4037,0.740998,0.132664
4038,0.740307,0.132788
4039,0.744525,0.132036
4040,0.738413,0.133129
4041,0.736378,0.133497
4042,0.737491,0.133295
4043,0.738982,0.133026
4044,0.738598,0.133095
4045,0.737824,0.133235
4046,0.738182,0.133170
4047,0.738746,0.133069
4048,0.737478,0.133297
4049,0.748710,0.131298
4050,0.738650,0.133086
4051,0.739718,0.132894
4052,0.737242,0.133340
4053,0.746675,0.131656
4054,0.742483,0.132399
4055,0.737760,0.133247
4056,0.738554,0.133103
4057,0.743763,0.132171
4058,0.756653,0.129920
4059,0.738810,0.133057
4060,0.763571,0.128742
4061,0.741971,0.132490
4062,0.743878,0.132151
4063,0.742771,0.132348
4064,0.752934,0.130561
4065,0.744947,0.131961
4066,0.741158,0.132636
4067,0.742099,0.132467
4068,0.761613,0.129073
4069,0.750694,0.130951
4070,0.740934,0.132676
4071,0.757318,0.129805
4072,0.738106,0.133184
4073,0.738810,0.133057
4074,0.742560,0.132385
4075,0.738893,0.133042
4076,0.739750,0.132888
4077,0.744333,0.132070
4078,0.746362,0.131711
4079,0.750483,0.130988
4080,0.740992,0.132665
4081,0.745645,0.131838
4082,0.739642,0.132908
4083,0.740147,0.132817
4084,0.739085,0.133008
4085,0.740512,0.132751
4086,0.745222,0.131912
4087,0.743142,0.132282
4088,0.740563,0.132742
4089,0.766118,0.128314
4090,0.749664,0.131131
4091,0.746234,0.131734
4092,0.743565,0.132206
4093,0.740147,0.132817
4094,0.746496,0.131687
4095,0.741325,0.132606
