1,0.480535,9.988858
101,0.593495,8.087677
201,0.691772,6.938705
301,0.980373,4.896094
401,1.260875,3.806882
501,1.123898,4.270852
601,1.054193,4.553246
701,1.022780,4.693092
801,1.157056,4.148459
901,1.051787,4.563663
1001,1.033831,4.642927
1101,1.045208,4.592390
1201,1.014827,4.729872
1301,0.955605,5.022994
1401,0.985542,4.870414
1501,0.930537,5.158315
1601,0.962780,4.985564
1701,0.909886,5.275387
1801,0.903494,5.312706
1901,0.873293,5.496438
2001,0.899646,5.335433
2101,0.905163,5.302914
2201,0.872188,5.503402
2301,0.861540,5.571417
2401,0.937745,5.118662
2501,0.889824,5.394325
2601,0.885990,5.417666
2701,0.918940,5.223411
2801,0.986707,4.864664
2901,1.002532,4.787876
3001,1.051880,4.563256
3101,1.004410,4.778927
3201,0.936689,5.124433
3301,0.917519,5.231500
3401,0.930647,5.157700
3501,0.889668,5.395270
3601,0.968915,4.953994
3701,0.908115,5.285673
3801,0.922963,5.200641
3901,0.911610,5.265412
4001,0.963426,4.982219
4101,0.893073,5.374700
4201,0.952273,5.040570
4301,0.891096,5.386628
4401,0.893820,5.370211
4501,0.901199,5.326238
4601,0.871358,5.508644
4701,0.998287,4.808237
4801,0.970389,4.946468
4901,0.885589,5.420119
5001,0.888397,5.402991
5101,0.863799,5.556845
5201,0.911582,5.265572
5301,0.904102,5.309133
5401,0.926925,5.178414
5501,0.950607,5.049405
5601,1.009781,4.753504
5701,0.980649,4.894720
5801,1.001745,4.791639
5901,0.998176,4.808772
6001,1.038682,4.621243
6101,0.991040,4.843397
6201,1.020719,4.702567
6301,1.092881,4.392061
6401,1.173338,4.090894
6501,1.066105,4.502369
6601,1.070163,4.485297
6701,1.059857,4.528913
6801,1.069939,4.486237
6901,1.078266,4.451593
7001,1.091904,4.395991
7101,1.107605,4.333674
7201,1.142511,4.201272
7301,1.154312,4.158319
7401,1.190340,4.032460
7501,1.211908,3.960696
7601,1.290551,3.719340
7701,1.354950,3.542565
7801,1.267627,3.786604
7901,1.282925,3.741451
8001,1.322684,3.628986
8101,1.346639,3.564430
8201,1.386319,3.462407
8301,1.402325,3.422886
8401,1.409909,3.404474
8501,1.432418,3.350977
8601,1.444335,3.323329
8701,1.456512,3.295544
8801,1.472143,3.260553
8901,1.454136,3.300930
9001,1.532230,3.132688
9101,1.547659,3.101459
9201,1.548742,3.099289
9301,1.569491,3.058316
9401,1.581143,3.035778
9501,1.615418,2.971368
9601,1.659626,2.892217
9701,1.631317,2.942407
9801,1.641041,2.924973
9901,1.693813,2.833842
10001,1.688175,2.843307
10101,1.703262,2.818122
10201,1.720316,2.790185
10301,1.709743,2.807440
10401,1.720004,2.790691
10501,1.734837,2.766830
10601,1.755593,2.734119
10701,1.756747,2.732323
10801,1.765372,2.718974
10901,1.773845,2.705986
11001,1.802592,2.662832
11101,1.794376,2.675024
11201,1.851066,2.593101
11301,1.844352,2.602540
11401,1.854690,2.588033
11501,1.841922,2.605973
11601,1.878340,2.555448
11701,1.826108,2.628541
11801,1.872567,2.563326
11901,1.860032,2.580601
12001,1.908121,2.515563
12101,1.900595,2.525525
12201,1.856175,2.585963
12301,1.852879,2.590563
12401,1.871859,2.564295
12501,1.890611,2.538861
12601,1.903770,2.521313
12701,1.919804,2.500256
12801,1.954187,2.456265
12901,1.946487,2.465981
13001,1.952906,2.457875
13101,1.949011,2.462787
13201,1.963102,2.445110
13301,1.964196,2.443748
13401,1.973039,2.432795
13501,1.966690,2.440649
13601,2.010989,2.386886
13701,1.986750,2.416006
13801,2.010323,2.387676
13901,2.016657,2.380177
14001,2.028757,2.365980
14101,2.047887,2.343879
14201,2.052344,2.338790
14301,2.041229,2.351525
14401,2.081779,2.305720
14501,2.102187,2.283337
14601,2.110232,2.274632
14701,2.128085,2.255549
14801,2.125380,2.258419
14901,2.104292,2.281052
15001,2.146293,2.236414
15101,2.120026,2.264124
15201,2.169600,2.212389
15301,2.102285,2.283230
15401,2.114231,2.270329
15501,2.112785,2.271883
15601,2.143563,2.239263
15701,2.133404,2.249926
15801,2.143082,2.239765
15901,2.182940,2.198870
16001,2.219959,2.162202
16101,2.200224,2.181596
16201,2.238167,2.144612
16301,2.161139,2.221051
16401,2.188699,2.193083
16501,2.169205,2.212792
16601,2.225005,2.157299
16701,2.235710,2.146969
16801,2.269254,2.115232
16901,2.241709,2.141223
17001,2.248525,2.134733
17101,2.240612,2.142272
17201,2.197041,2.184757
17301,2.236527,2.146185
17401,2.236058,2.146635
17501,2.265030,2.119177
17601,2.296130,2.090474
17701,2.333783,2.056746
17801,2.362897,2.031404
17901,2.338268,2.052801
18001,2.313263,2.074991
18101,2.303989,2.083343
18201,2.313837,2.074477
18301,2.330025,2.060064
18401,2.357745,2.035843
18501,2.335763,2.055003
18601,2.335949,2.054839
18701,2.345357,2.046597
18801,2.317790,2.070938
18901,2.324761,2.064728
19001,2.342396,2.049184
19101,2.393387,2.005526
19201,2.515874,1.907886
19301,2.383584,2.013774
19401,2.407023,1.994165
19501,2.406327,1.994741
19601,2.341720,2.049776
19701,2.395556,2.003710
19801,2.361205,2.032860
19901,2.397035,2.002474
20001,2.439951,1.967253
20101,2.435818,1.970590
20201,2.434127,1.971959
20301,2.423925,1.980259
20401,2.454696,1.955435
20501,2.364442,2.030078
20601,2.470044,1.943285
20701,2.430910,1.974569
20801,2.542765,1.887709
20901,2.461022,1.950409
21001,2.457734,1.953018
21101,2.467535,1.945261
21201,2.509201,1.912960
21301,2.464181,1.947909
21401,2.534605,1.893787
21501,2.498123,1.921443
21601,2.554916,1.878731
21701,2.531274,1.896278
21801,2.530146,1.897124
21901,2.508152,1.913760
22001,2.565052,1.871307
22101,2.491755,1.926353
22201,2.541963,1.888305
22301,2.574031,1.864779
22401,2.616414,1.834572
22501,2.603076,1.843972
22601,2.573231,1.865359
22701,2.568580,1.868737
22801,2.582248,1.858845
22901,2.601607,1.845014
23001,2.578123,1.861820
23101,2.598219,1.847420
23201,2.687495,1.786050
23301,2.625133,1.828479
23401,2.604749,1.842788
23501,2.653897,1.808661
23601,2.663947,1.801838
23701,2.655742,1.807404
23801,2.626291,1.827672
23901,2.614012,1.836258
24001,2.710189,1.771094
24101,2.705583,1.774109
24201,2.654686,1.808124
24301,2.694342,1.781511
24401,2.680510,1.790704
24501,2.713235,1.769106
24601,2.671945,1.796444
24701,2.676945,1.793088
24801,2.715866,1.767392
24901,2.688305,1.785512
25001,2.713920,1.768659
25101,2.703885,1.775223
25201,2.721284,1.763873
25301,2.746953,1.747391
25401,2.728363,1.759297
25501,2.740867,1.751271
25601,2.872322,1.671122
25701,2.786221,1.722764
25801,2.794746,1.717509
25901,2.750061,1.745416
26001,2.737000,1.753745
26101,2.767936,1.734144
26201,2.764710,1.736167
26301,2.780307,1.726428
26401,2.827386,1.697681
26501,2.772885,1.731049
26601,2.753000,1.743552
26701,2.803070,1.712408
26801,2.796595,1.716373
26901,2.812339,1.706764
27001,2.901028,1.654586
27101,2.874320,1.669960
27201,2.886991,1.662631
27301,2.892337,1.659558
27401,2.873948,1.670177
27501,2.918869,1.644472
27601,2.944649,1.630076
27701,2.900363,1.654965
27801,2.919424,1.644160
27901,2.945681,1.629504
28001,2.976928,1.612401
28101,2.957860,1.622795
28201,2.941566,1.631784
28301,2.974596,1.613665
28401,2.966475,1.618082
28501,2.947646,1.628418
28601,3.027492,1.585471
28701,3.016312,1.591347
28801,3.067906,1.564585
28901,3.023311,1.587663
29001,3.083119,1.556865
29101,3.037352,1.580324
29201,3.000627,1.599666
29301,2.986134,1.607430
29401,3.016721,1.591131
29501,3.001864,1.599006
29601,3.060267,1.568491
29701,3.032751,1.582722
29801,3.061781,1.567715
29901,3.031552,1.583347
30001,3.051042,1.573233
30101,3.060143,1.568554
30201,3.074722,1.561117
30301,3.088470,1.554168
30401,3.102502,1.547138
30501,3.107290,1.544755
30601,3.108034,1.544385
30701,3.122380,1.537289
30801,3.108905,1.543952
30901,3.153553,1.522093
31001,3.173711,1.512425
31101,3.169890,1.514248
31201,3.144002,1.526717
31301,3.167663,1.515313
31401,3.163337,1.517385
31501,3.239638,1.481647
31601,3.222159,1.489684
31701,3.265190,1.470052
31801,3.242235,1.480460
31901,3.240081,1.481444
32001,3.299405,1.454808
32101,3.286304,1.460607
32201,3.252939,1.475589
32301,3.222711,1.489429
32401,3.238716,1.482069
32501,3.262503,1.471263
32601,3.288452,1.459653
32701,3.280461,1.463209
32801,3.359016,1.428990
32901,3.347144,1.434058
33001,3.282558,1.462274
33101,3.326649,1.442893
33201,3.333037,1.440128
33301,3.353047,1.431534
33401,3.307381,1.451299
33501,3.350229,1.432738
33601,3.366679,1.425737
33701,3.414466,1.405783
33801,3.376132,1.421745
33901,3.430831,1.399078
34001,3.417269,1.404630
34101,3.447624,1.392263
34201,3.400992,1.411353
34301,3.371518,1.423691
34401,3.383130,1.418805
34501,3.431386,1.398852
34601,3.453899,1.389734
34701,3.458149,1.388026
34801,3.511373,1.366987
34901,3.513971,1.365976
35001,3.511044,1.367115
35101,3.519098,1.363986
35201,3.559390,1.348546
35301,3.568766,1.345003
35401,3.567535,1.345467
35501,3.550347,1.351981
35601,3.552806,1.351045
35701,3.503452,1.370077
35801,3.629331,1.322558
35901,3.568994,1.344917
36001,3.579560,1.340947
36101,3.625602,1.323918
36201,3.564497,1.346613
36301,3.566925,1.345697
36401,3.581557,1.340199
36501,3.629252,1.322586
36601,3.639801,1.318753
36701,3.637450,1.319606
36801,3.643237,1.317510
36901,3.670662,1.307666
37001,3.711731,1.293197
37101,3.673363,1.306704
37201,3.686341,1.302104
37301,3.714746,1.292148
37401,3.682345,1.303517
37501,3.719520,1.290489
37601,3.724698,1.288695
37701,3.734494,1.285315
37801,3.741837,1.282792
37901,3.750227,1.279922
38001,3.722065,1.289607
38101,3.746974,1.281034
38201,3.783102,1.268800
38301,3.789186,1.266763
38401,3.784819,1.268224
38501,3.758112,1.277237
38601,3.793297,1.265390
38701,3.838796,1.250392
38801,3.789979,1.266498
38901,3.798202,1.263756
39001,3.808414,1.260367
39101,3.825406,1.254769
39201,3.809342,1.260060
39301,3.840337,1.249890
39401,3.854799,1.245201
39501,3.853583,1.245594
39601,3.864663,1.242023
39701,3.883738,1.235923
39801,3.875716,1.238481
39901,3.904318,1.229408
